:START_ID,:END_ID,relation,:TYPE
31548,10001,出演,出演
30540,10001,出演,出演
30247,10001,出演,出演
30898,10001,出演,出演
32376,10001,出演,出演
30808,10001,出演,出演
31633,10001,出演,出演
30726,10001,出演,出演
31258,10001,出演,出演
32615,10001,出演,出演
31890,10001,出演,出演
31870,10001,出演,出演
31300,10001,出演,出演
31417,10001,出演,出演
31703,10001,出演,出演
33502,10001,出演,出演
30269,10001,出演,出演
32208,10001,出演,出演
31562,10001,出演,出演
31357,10001,出演,出演
30755,10001,出演,出演
30712,10001,出演,出演
33102,10001,出演,出演
33412,10001,出演,出演
30767,10001,出演,出演
30022,10002,出演,出演
31037,10002,出演,出演
33173,10002,出演,出演
32703,10002,出演,出演
31214,10002,出演,出演
32299,10002,出演,出演
31192,10002,出演,出演
30639,10002,出演,出演
33112,10002,出演,出演
30018,10002,出演,出演
32804,10002,出演,出演
30812,10002,出演,出演
32382,10002,出演,出演
31965,10002,出演,出演
32320,10002,出演,出演
33204,10002,出演,出演
33517,10002,出演,出演
30646,10002,出演,出演
33355,10002,出演,出演
31785,10003,出演,出演
31504,10003,出演,出演
30447,10003,出演,出演
30962,10003,出演,出演
31481,10003,出演,出演
31475,10003,出演,出演
32955,10003,出演,出演
32659,10003,出演,出演
32167,10003,出演,出演
33263,10003,出演,出演
33498,10003,出演,出演
30622,10003,出演,出演
31865,10003,出演,出演
30967,10003,出演,出演
30949,10003,出演,出演
33273,10003,出演,出演
32233,10004,出演,出演
33124,10004,出演,出演
30849,10004,出演,出演
30582,10004,出演,出演
32551,10004,出演,出演
32424,10004,出演,出演
32593,10004,出演,出演
30876,10004,出演,出演
31285,10004,出演,出演
31492,10004,出演,出演
30885,10004,出演,出演
32725,10004,出演,出演
30194,10004,出演,出演
31986,10004,出演,出演
30922,10004,出演,出演
31553,10004,出演,出演
33031,10004,出演,出演
32048,10004,出演,出演
31596,10004,出演,出演
33147,10004,出演,出演
30028,10004,出演,出演
33188,10004,出演,出演
32249,10004,出演,出演
30592,10004,出演,出演
30124,10004,出演,出演
32186,10004,出演,出演
30395,10004,出演,出演
30079,10004,出演,出演
31209,10004,出演,出演
30544,10004,出演,出演
32936,10004,出演,出演
32643,10004,出演,出演
32074,10004,出演,出演
30350,10004,出演,出演
32321,10004,出演,出演
30977,10004,出演,出演
32434,10004,出演,出演
32242,10004,出演,出演
30607,10004,出演,出演
32215,10004,出演,出演
30120,10004,出演,出演
33057,10005,出演,出演
33002,10005,出演,出演
32924,10005,出演,出演
31314,10005,出演,出演
31291,10005,出演,出演
31584,10005,出演,出演
31063,10005,出演,出演
33407,10005,出演,出演
33420,10005,出演,出演
32641,10005,出演,出演
33274,10005,出演,出演
31541,10005,出演,出演
31521,10005,出演,出演
30790,10005,出演,出演
33132,10005,出演,出演
32453,10005,出演,出演
31962,10005,出演,出演
30543,10005,出演,出演
32335,10005,出演,出演
30851,10005,出演,出演
32797,10005,出演,出演
30312,10005,出演,出演
31979,10005,出演,出演
31083,10005,出演,出演
30852,10005,出演,出演
33247,10005,出演,出演
32230,10005,出演,出演
31707,10006,出演,出演
30266,10006,出演,出演
33525,10006,出演,出演
32857,10006,出演,出演
31064,10006,出演,出演
31610,10006,出演,出演
32735,10006,出演,出演
33045,10006,出演,出演
32767,10006,出演,出演
31742,10006,出演,出演
33130,10006,出演,出演
32912,10006,出演,出演
31577,10006,出演,出演
32223,10006,出演,出演
33314,10006,出演,出演
30423,10006,出演,出演
31897,10006,出演,出演
32631,10006,出演,出演
31127,10006,出演,出演
30640,10006,出演,出演
31518,10006,出演,出演
33522,10006,出演,出演
32324,10006,出演,出演
30778,10006,出演,出演
30976,10006,出演,出演
33116,10006,出演,出演
31072,10006,出演,出演
30143,10006,出演,出演
30705,10006,出演,出演
32305,10006,出演,出演
31744,10006,出演,出演
33481,10006,出演,出演
31839,10006,出演,出演
30148,10006,出演,出演
32914,10006,出演,出演
30089,10006,出演,出演
31067,10006,出演,出演
31651,10006,出演,出演
32862,10006,出演,出演
32227,10006,出演,出演
31987,10006,出演,出演
33253,10006,出演,出演
33395,10006,出演,出演
31557,10006,出演,出演
31854,10007,出演,出演
30152,10007,出演,出演
33073,10007,出演,出演
30134,10007,出演,出演
31128,10007,出演,出演
32303,10007,出演,出演
33305,10007,出演,出演
33341,10007,出演,出演
33070,10007,出演,出演
31338,10007,出演,出演
31682,10007,出演,出演
32240,10007,出演,出演
32063,10007,出演,出演
33294,10007,出演,出演
30623,10008,出演,出演
31639,10008,出演,出演
32472,10008,出演,出演
31238,10008,出演,出演
31977,10008,出演,出演
32712,10008,出演,出演
31363,10008,出演,出演
30524,10008,出演,出演
33353,10008,出演,出演
30670,10008,出演,出演
32078,10008,出演,出演
30468,10008,出演,出演
30466,10008,出演,出演
31707,10009,出演,出演
33029,10009,出演,出演
31664,10009,出演,出演
30958,10009,出演,出演
30421,10009,出演,出演
32041,10009,出演,出演
30615,10009,出演,出演
31235,10009,出演,出演
32964,10009,出演,出演
31010,10009,出演,出演
32823,10009,出演,出演
31341,10009,出演,出演
30338,10009,出演,出演
32947,10009,出演,出演
32824,10009,出演,出演
33042,10009,出演,出演
30585,10009,出演,出演
31272,10009,出演,出演
33324,10009,出演,出演
32954,10009,出演,出演
32105,10009,出演,出演
33435,10009,出演,出演
32531,10009,出演,出演
32856,10009,出演,出演
30390,10009,出演,出演
30404,10010,出演,出演
31311,10010,出演,出演
30463,10010,出演,出演
31942,10010,出演,出演
33438,10010,出演,出演
31903,10010,出演,出演
30990,10010,出演,出演
30066,10010,出演,出演
32784,10011,出演,出演
33151,10011,出演,出演
32669,10011,出演,出演
32772,10011,出演,出演
30669,10011,出演,出演
32379,10011,出演,出演
32682,10011,出演,出演
30492,10011,出演,出演
33409,10011,出演,出演
32147,10011,出演,出演
31628,10011,出演,出演
31200,10011,出演,出演
30064,10011,出演,出演
31597,10011,出演,出演
31526,10011,出演,出演
30230,10011,出演,出演
30168,10011,出演,出演
30328,10011,出演,出演
31920,10011,出演,出演
30019,10011,出演,出演
32679,10011,出演,出演
31656,10011,出演,出演
31318,10011,出演,出演
31042,10011,出演,出演
32522,10011,出演,出演
32861,10012,出演,出演
33243,10012,出演,出演
32350,10012,出演,出演
32408,10012,出演,出演
32383,10012,出演,出演
30082,10012,出演,出演
32584,10012,出演,出演
32180,10012,出演,出演
33365,10013,出演,出演
31615,10013,出演,出演
33245,10013,出演,出演
32497,10013,出演,出演
31635,10013,出演,出演
31931,10013,出演,出演
30815,10013,出演,出演
31442,10013,出演,出演
32605,10013,出演,出演
30628,10013,出演,出演
30073,10013,出演,出演
32149,10013,出演,出演
30936,10013,出演,出演
33471,10013,出演,出演
31532,10013,出演,出演
32055,10013,出演,出演
33177,10013,出演,出演
31242,10013,出演,出演
33219,10013,出演,出演
33266,10013,出演,出演
33411,10013,出演,出演
30264,10014,出演,出演
31695,10014,出演,出演
33376,10014,出演,出演
30673,10014,出演,出演
30502,10014,出演,出演
33276,10014,出演,出演
33329,10014,出演,出演
31572,10014,出演,出演
31976,10014,出演,出演
30509,10014,出演,出演
32729,10014,出演,出演
31389,10014,出演,出演
32395,10014,出演,出演
32633,10014,出演,出演
30668,10014,出演,出演
31057,10014,出演,出演
32540,10015,出演,出演
32113,10015,出演,出演
30768,10015,出演,出演
31891,10015,出演,出演
31847,10015,出演,出演
30307,10016,出演,出演
32758,10016,出演,出演
30035,10016,出演,出演
33019,10016,出演,出演
32272,10016,出演,出演
31909,10016,出演,出演
30663,10016,出演,出演
31663,10016,出演,出演
30405,10016,出演,出演
30747,10016,出演,出演
30792,10017,出演,出演
33165,10017,出演,出演
32067,10017,出演,出演
31517,10017,出演,出演
32823,10017,出演,出演
30841,10017,出演,出演
33014,10017,出演,出演
30337,10017,出演,出演
33237,10017,出演,出演
31673,10017,出演,出演
31433,10017,出演,出演
32283,10017,出演,出演
32839,10017,出演,出演
30496,10017,出演,出演
31515,10017,出演,出演
32166,10017,出演,出演
30315,10017,出演,出演
31537,10017,出演,出演
31941,10017,出演,出演
30910,10017,出演,出演
32908,10017,出演,出演
31534,10017,出演,出演
30900,10017,出演,出演
31608,10017,出演,出演
32440,10017,出演,出演
32531,10017,出演,出演
31312,10017,出演,出演
30549,10017,出演,出演
33474,10018,出演,出演
30188,10018,出演,出演
33183,10018,出演,出演
33312,10018,出演,出演
30365,10018,出演,出演
30103,10018,出演,出演
31443,10018,出演,出演
30142,10018,出演,出演
31039,10018,出演,出演
33079,10018,出演,出演
30242,10018,出演,出演
30237,10018,出演,出演
30904,10018,出演,出演
33080,10018,出演,出演
32627,10018,出演,出演
31322,10018,出演,出演
31919,10018,出演,出演
31335,10018,出演,出演
30660,10018,出演,出演
33224,10018,出演,出演
30676,10018,出演,出演
30933,10019,出演,出演
31898,10019,出演,出演
30753,10019,出演,出演
32550,10019,出演,出演
33049,10019,出演,出演
33338,10019,出演,出演
32219,10019,出演,出演
30189,10019,出演,出演
31588,10019,出演,出演
33330,10019,出演,出演
32952,10019,出演,出演
30763,10019,出演,出演
30961,10019,出演,出演
32344,10019,出演,出演
30026,10019,出演,出演
30326,10019,出演,出演
33359,10020,出演,出演
31618,10020,出演,出演
30881,10020,出演,出演
33388,10020,出演,出演
32436,10020,出演,出演
30329,10020,出演,出演
32636,10020,出演,出演
33023,10020,出演,出演
31838,10021,出演,出演
32718,10021,出演,出演
33533,10021,出演,出演
31830,10021,出演,出演
32814,10021,出演,出演
30413,10021,出演,出演
32623,10021,出演,出演
33026,10021,出演,出演
30776,10021,出演,出演
31801,10021,出演,出演
31313,10021,出演,出演
31781,10022,出演,出演
30310,10022,出演,出演
31351,10022,出演,出演
32787,10022,出演,出演
33211,10022,出演,出演
31981,10022,出演,出演
30197,10022,出演,出演
30179,10022,出演,出演
31025,10022,出演,出演
31197,10022,出演,出演
31071,10022,出演,出演
32209,10022,出演,出演
33374,10022,出演,出演
33360,10022,出演,出演
30294,10022,出演,出演
30811,10022,出演,出演
30092,10022,出演,出演
31542,10022,出演,出演
31135,10022,出演,出演
32328,10022,出演,出演
31895,10022,出演,出演
30196,10022,出演,出演
30859,10022,出演,出演
31655,10022,出演,出演
30309,10022,出演,出演
30855,10022,出演,出演
32466,10022,出演,出演
31134,10022,出演,出演
32374,10022,出演,出演
31259,10022,出演,出演
32390,10022,出演,出演
30779,10022,出演,出演
31938,10022,出演,出演
32118,10023,出演,出演
30236,10023,出演,出演
31120,10023,出演,出演
31152,10023,出演,出演
30477,10023,出演,出演
31508,10023,出演,出演
33437,10023,出演,出演
31479,10023,出演,出演
31390,10023,出演,出演
32880,10023,出演,出演
33180,10023,出演,出演
32913,10023,出演,出演
30650,10023,出演,出演
30149,10023,出演,出演
30303,10023,出演,出演
33228,10024,出演,出演
33113,10024,出演,出演
31681,10024,出演,出演
32665,10024,出演,出演
32982,10024,出演,出演
30077,10024,出演,出演
32634,10024,出演,出演
30798,10024,出演,出演
31547,10024,出演,出演
32928,10024,出演,出演
33015,10024,出演,出演
31241,10024,出演,出演
32655,10024,出演,出演
31505,10024,出演,出演
32654,10024,出演,出演
33198,10024,出演,出演
32311,10024,出演,出演
33415,10024,出演,出演
31386,10024,出演,出演
30713,10024,出演,出演
33464,10024,出演,出演
32563,10024,出演,出演
33310,10024,出演,出演
30495,10024,出演,出演
31725,10024,出演,出演
32959,10024,出演,出演
30542,10024,出演,出演
30332,10024,出演,出演
32235,10024,出演,出演
30281,10024,出演,出演
31131,10024,出演,出演
33335,10024,出演,出演
32467,10025,出演,出演
31564,10025,出演,出演
32120,10025,出演,出演
33303,10025,出演,出演
30510,10025,出演,出演
30375,10026,出演,出演
31086,10026,出演,出演
32174,10026,出演,出演
32823,10026,出演,出演
31018,10026,出演,出演
30447,10026,出演,出演
30540,10026,出演,出演
32369,10026,出演,出演
31139,10026,出演,出演
30615,10026,出演,出演
31431,10026,出演,出演
30941,10026,出演,出演
30140,10026,出演,出演
32458,10026,出演,出演
30602,10026,出演,出演
31874,10026,出演,出演
31013,10026,出演,出演
30416,10026,出演,出演
32911,10026,出演,出演
32929,10026,出演,出演
30702,10026,出演,出演
30112,10026,出演,出演
31220,10026,出演,出演
32175,10026,出演,出演
32617,10026,出演,出演
30839,10026,出演,出演
32910,10026,出演,出演
33058,10026,出演,出演
33358,10026,出演,出演
30391,10026,出演,出演
32188,10026,出演,出演
32819,10026,出演,出演
32623,10026,出演,出演
33493,10027,出演,出演
31648,10027,出演,出演
31370,10027,出演,出演
30950,10027,出演,出演
31345,10027,出演,出演
33103,10027,出演,出演
31032,10027,出演,出演
33332,10027,出演,出演
33467,10027,出演,出演
32558,10027,出演,出演
33053,10027,出演,出演
33184,10027,出演,出演
32046,10027,出演,出演
33135,10027,出演,出演
30562,10027,出演,出演
31579,10027,出演,出演
32481,10027,出演,出演
33393,10027,出演,出演
30638,10027,出演,出演
32648,10027,出演,出演
31477,10027,出演,出演
32516,10027,出演,出演
30912,10027,出演,出演
32079,10027,出演,出演
31671,10027,出演,出演
33233,10027,出演,出演
31138,10027,出演,出演
31019,10027,出演,出演
30372,10027,出演,出演
31761,10027,出演,出演
33430,10027,出演,出演
32805,10027,出演,出演
32703,10028,出演,出演
33173,10028,出演,出演
31250,10028,出演,出演
31342,10028,出演,出演
33516,10028,出演,出演
32717,10028,出演,出演
33203,10028,出演,出演
30353,10028,出演,出演
31571,10028,出演,出演
30392,10028,出演,出演
31271,10028,出演,出演
31183,10028,出演,出演
32353,10028,出演,出演
32829,10028,出演,出演
32678,10028,出演,出演
32222,10029,出演,出演
30243,10029,出演,出演
30672,10029,出演,出演
32329,10029,出演,出演
31177,10029,出演,出演
32075,10029,出演,出演
31246,10029,出演,出演
31027,10029,出演,出演
30740,10029,出演,出演
30117,10029,出演,出演
32915,10029,出演,出演
31832,10030,出演,出演
32141,10030,出演,出演
32413,10030,出演,出演
31088,10030,出演,出演
31650,10030,出演,出演
31144,10030,出演,出演
32705,10030,出演,出演
30336,10030,出演,出演
32155,10030,出演,出演
30550,10030,出演,出演
30819,10030,出演,出演
32191,10030,出演,出演
32009,10030,出演,出演
32164,10030,出演,出演
30651,10030,出演,出演
31269,10030,出演,出演
32300,10030,出演,出演
30379,10030,出演,出演
32459,10031,出演,出演
32560,10031,出演,出演
31486,10031,出演,出演
32576,10031,出演,出演
31714,10031,出演,出演
31893,10031,出演,出演
30287,10031,出演,出演
31140,10031,出演,出演
31097,10031,出演,出演
32217,10031,出演,出演
32478,10031,出演,出演
31625,10031,出演,出演
31226,10031,出演,出演
30040,10031,出演,出演
30366,10031,出演,出演
30694,10031,出演,出演
32533,10032,出演,出演
32843,10032,出演,出演
32963,10032,出演,出演
31836,10032,出演,出演
30321,10032,出演,出演
31712,10032,出演,出演
32492,10032,出演,出演
30824,10032,出演,出演
31819,10032,出演,出演
33177,10032,出演,出演
30042,10032,出演,出演
33478,10032,出演,出演
31057,10032,出演,出演
33095,10032,出演,出演
31365,10032,出演,出演
31186,10032,出演,出演
33012,10032,出演,出演
31162,10032,出演,出演
30597,10032,出演,出演
31653,10032,出演,出演
30085,10032,出演,出演
33136,10032,出演,出演
31425,10032,出演,出演
31383,10032,出演,出演
32315,10032,出演,出演
33327,10032,出演,出演
33392,10032,出演,出演
31370,10032,出演,出演
32660,10032,出演,出演
33281,10032,出演,出演
30345,10032,出演,出演
31741,10032,出演,出演
32723,10032,出演,出演
31648,10032,出演,出演
30771,10032,出演,出演
33062,10032,出演,出演
33469,10032,出演,出演
33451,10032,出演,出演
30923,10032,出演,出演
32451,10032,出演,出演
32023,10032,出演,出演
30996,10032,出演,出演
30630,10032,出演,出演
32650,10032,出演,出演
32653,10032,出演,出演
30147,10032,出演,出演
30913,10032,出演,出演
31751,10032,出演,出演
31723,10032,出演,出演
31263,10032,出演,出演
30915,10032,出演,出演
33334,10032,出演,出演
32977,10032,出演,出演
30652,10032,出演,出演
32691,10032,出演,出演
30048,10032,出演,出演
33368,10032,出演,出演
30770,10032,出演,出演
33381,10032,出演,出演
33309,10032,出演,出演
30938,10032,出演,出演
33108,10032,出演,出演
31410,10032,出演,出演
33458,10032,出演,出演
32365,10033,出演,出演
33052,10033,出演,出演
32874,10033,出演,出演
32702,10033,出演,出演
32001,10033,出演,出演
33326,10033,出演,出演
31290,10033,出演,出演
33518,10033,出演,出演
30452,10033,出演,出演
32851,10033,出演,出演
33418,10033,出演,出演
31876,10033,出演,出演
30854,10033,出演,出演
32089,10033,出演,出演
31192,10033,出演,出演
31457,10033,出演,出演
33539,10033,出演,出演
31129,10033,出演,出演
31250,10033,出演,出演
32539,10034,出演,出演
32026,10034,出演,出演
33364,10034,出演,出演
32068,10034,出演,出演
33000,10034,出演,出演
30023,10034,出演,出演
30164,10034,出演,出演
33079,10034,出演,出演
30551,10034,出演,出演
31967,10034,出演,出演
32783,10034,出演,出演
33080,10034,出演,出演
32861,10035,出演,出演
32670,10035,出演,出演
31581,10035,出演,出演
32192,10035,出演,出演
31509,10035,出演,出演
32337,10035,出演,出演
32124,10035,出演,出演
30658,10035,出演,出演
32012,10035,出演,出演
31826,10036,出演,出演
31124,10036,出演,出演
31702,10036,出演,出演
30473,10036,出演,出演
30270,10036,出演,出演
30241,10036,出演,出演
30210,10036,出演,出演
32549,10036,出演,出演
31068,10036,出演,出演
31445,10036,出演,出演
30481,10036,出演,出演
31423,10036,出演,出演
30493,10037,出演,出演
33213,10037,出演,出演
31696,10037,出演,出演
33149,10037,出演,出演
31391,10037,出演,出演
33408,10037,出演,出演
32682,10037,出演,出演
30356,10037,出演,出演
32695,10037,出演,出演
32462,10037,出演,出演
30168,10037,出演,出演
32512,10037,出演,出演
30019,10037,出演,出演
31656,10037,出演,出演
33122,10037,出演,出演
30064,10037,出演,出演
30307,10038,出演,出演
32758,10038,出演,出演
30663,10038,出演,出演
32272,10038,出演,出演
31909,10038,出演,出演
32460,10038,出演,出演
30405,10038,出演,出演
31663,10038,出演,出演
30035,10038,出演,出演
30747,10038,出演,出演
30078,10039,出演,出演
31359,10039,出演,出演
31866,10039,出演,出演
31338,10039,出演,出演
33305,10039,出演,出演
31393,10039,出演,出演
31682,10039,出演,出演
32806,10039,出演,出演
32645,10039,出演,出演
31694,10039,出演,出演
32131,10039,出演,出演
30603,10040,出演,出演
30024,10040,出演,出演
30445,10040,出演,出演
30756,10040,出演,出演
30255,10040,出演,出演
31096,10040,出演,出演
32938,10040,出演,出演
32319,10040,出演,出演
33366,10040,出演,出演
30560,10041,出演,出演
32437,10041,出演,出演
33452,10041,出演,出演
33235,10041,出演,出演
31434,10041,出演,出演
32069,10041,出演,出演
31932,10041,出演,出演
32339,10041,出演,出演
30086,10041,出演,出演
30256,10041,出演,出演
32990,10041,出演,出演
31498,10041,出演,出演
32287,10041,出演,出演
31793,10041,出演,出演
31225,10041,出演,出演
31256,10041,出演,出演
31590,10041,出演,出演
31624,10041,出演,出演
31527,10041,出演,出演
30110,10041,出演,出演
31245,10041,出演,出演
30641,10041,出演,出演
30139,10041,出演,出演
31565,10041,出演,出演
31102,10041,出演,出演
31513,10041,出演,出演
31190,10041,出演,出演
32515,10041,出演,出演
33013,10041,出演,出演
32256,10041,出演,出演
32332,10041,出演,出演
30013,10041,出演,出演
31898,10042,出演,出演
31161,10042,出演,出演
32888,10042,出演,出演
33453,10042,出演,出演
30644,10042,出演,出演
30052,10042,出演,出演
31600,10042,出演,出演
31686,10042,出演,出演
33131,10042,出演,出演
30649,10042,出演,出演
32213,10042,出演,出演
30378,10042,出演,出演
32585,10042,出演,出演
33318,10042,出演,出演
30190,10042,出演,出演
30945,10043,出演,出演
30867,10043,出演,出演
32852,10043,出演,出演
31737,10043,出演,出演
30175,10043,出演,出演
31978,10043,出演,出演
32322,10043,出演,出演
31940,10043,出演,出演
32360,10043,出演,出演
30047,10043,出演,出演
31328,10043,出演,出演
31903,10043,出演,出演
32989,10043,出演,出演
30610,10043,出演,出演
32410,10043,出演,出演
32122,10043,出演,出演
32732,10043,出演,出演
31411,10043,出演,出演
32851,10043,出演,出演
31622,10043,出演,出演
30772,10043,出演,出演
33410,10043,出演,出演
32310,10043,出演,出演
31113,10043,出演,出演
30506,10043,出演,出演
33422,10043,出演,出演
31130,10043,出演,出演
30123,10043,出演,出演
33054,10043,出演,出演
32994,10043,出演,出演
30062,10043,出演,出演
30038,10043,出演,出演
31065,10043,出演,出演
32148,10044,出演,出演
30285,10044,出演,出演
31877,10044,出演,出演
33269,10044,出演,出演
32507,10044,出演,出演
32176,10045,出演,出演
31860,10045,出演,出演
32920,10045,出演,出演
32967,10045,出演,出演
31764,10045,出演,出演
32162,10045,出演,出演
30043,10045,出演,出演
32793,10045,出演,出演
32452,10045,出演,出演
32316,10045,出演,出演
30825,10045,出演,出演
31432,10045,出演,出演
33170,10045,出演,出演
32743,10045,出演,出演
32747,10045,出演,出演
32415,10045,出演,出演
33405,10045,出演,出演
31501,10045,出演,出演
31106,10045,出演,出演
32295,10045,出演,出演
32589,10045,出演,出演
30257,10045,出演,出演
32682,10045,出演,出演
31627,10046,出演,出演
32082,10046,出演,出演
31234,10046,出演,出演
30809,10046,出演,出演
32933,10046,出演,出演
32138,10046,出演,出演
31416,10046,出演,出演
32483,10046,出演,出演
30632,10046,出演,出演
32468,10046,出演,出演
32904,10046,出演,出演
31043,10046,出演,出演
32517,10046,出演,出演
31670,10046,出演,出演
30059,10046,出演,出演
31658,10046,出演,出演
30034,10046,出演,出演
32351,10046,出演,出演
33148,10046,出演,出演
31198,10046,出演,出演
31792,10046,出演,出演
32429,10046,出演,出演
33215,10046,出演,出演
30239,10047,出演,出演
33009,10047,出演,出演
32447,10047,出演,出演
32195,10047,出演,出演
31697,10047,出演,出演
31142,10047,出演,出演
31435,10047,出演,出演
31309,10048,出演,出演
33534,10048,出演,出演
30545,10048,出演,出演
32345,10048,出演,出演
31604,10048,出演,出演
33216,10048,出演,出演
32675,10048,出演,出演
33254,10049,出演,出演
33396,10049,出演,出演
30983,10049,出演,出演
33459,10049,出演,出演
32318,10049,出演,出演
32341,10049,出演,出演
31514,10049,出演,出演
31750,10049,出演,出演
31906,10049,出演,出演
30178,10049,出演,出演
30971,10049,出演,出演
31616,10049,出演,出演
30622,10049,出演,出演
32528,10049,出演,出演
30107,10049,出演,出演
31612,10049,出演,出演
31496,10049,出演,出演
33187,10049,出演,出演
32667,10049,出演,出演
32505,10049,出演,出演
33120,10049,出演,出演
32762,10049,出演,出演
32689,10049,出演,出演
30837,10049,出演,出演
31769,10049,出演,出演
32559,10049,出演,出演
30135,10050,出演,出演
31678,10050,出演,出演
32070,10050,出演,出演
30313,10050,出演,出演
33068,10050,出演,出演
31777,10050,出演,出演
30979,10050,出演,出演
31991,10050,出演,出演
31543,10050,出演,出演
30883,10050,出演,出演
33244,10050,出演,出演
32903,10050,出演,出演
32064,10050,出演,出演
30599,10050,出演,出演
32280,10050,出演,出演
31336,10050,出演,出演
32898,10050,出演,出演
32644,10050,出演,出演
32092,10050,出演,出演
31301,10050,出演,出演
32370,10050,出演,出演
31939,10050,出演,出演
31346,10050,出演,出演
32560,10051,出演,出演
31486,10051,出演,出演
31714,10051,出演,出演
32459,10051,出演,出演
31893,10051,出演,出演
30366,10051,出演,出演
32576,10051,出演,出演
31097,10051,出演,出演
32217,10051,出演,出演
30040,10051,出演,出演
30287,10051,出演,出演
32478,10051,出演,出演
32116,10051,出演,出演
31625,10051,出演,出演
30979,10051,出演,出演
33045,10051,出演,出演
30694,10051,出演,出演
31140,10051,出演,出演
31898,10052,出演,出演
33049,10052,出演,出演
33330,10052,出演,出演
31936,10052,出演,出演
32344,10052,出演,出演
30763,10052,出演,出演
31789,10052,出演,出演
31963,10052,出演,出演
31091,10052,出演,出演
32417,10052,出演,出演
32919,10052,出演,出演
33059,10052,出演,出演
32031,10052,出演,出演
32010,10052,出演,出演
33121,10052,出演,出演
31504,10053,出演,出演
32217,10053,出演,出演
30719,10053,出演,出演
32543,10053,出演,出演
30684,10053,出演,出演
30319,10053,出演,出演
30369,10053,出演,出演
30014,10053,出演,出演
31461,10053,出演,出演
30908,10053,出演,出演
32346,10053,出演,出演
30074,10053,出演,出演
32867,10053,出演,出演
31437,10053,出演,出演
31448,10053,出演,出演
32918,10053,出演,出演
30482,10053,出演,出演
31478,10053,出演,出演
31020,10053,出演,出演
31693,10053,出演,出演
32714,10053,出演,出演
33402,10053,出演,出演
32471,10053,出演,出演
31566,10053,出演,出演
30067,10053,出演,出演
32995,10053,出演,出演
32426,10053,出演,出演
33449,10053,出演,出演
31907,10053,出演,出演
31657,10053,出演,出演
30969,10053,出演,出演
31575,10053,出演,出演
32145,10053,出演,出演
30703,10053,出演,出演
31248,10053,出演,出演
30025,10053,出演,出演
32560,10054,出演,出演
31486,10054,出演,出演
31714,10054,出演,出演
32459,10054,出演,出演
31893,10054,出演,出演
30287,10054,出演,出演
32820,10054,出演,出演
30366,10054,出演,出演
32217,10054,出演,出演
32576,10054,出演,出演
31097,10054,出演,出演
31187,10054,出演,出演
32478,10054,出演,出演
32252,10054,出演,出演
30694,10054,出演,出演
32342,10055,出演,出演
30586,10055,出演,出演
32865,10055,出演,出演
31591,10055,出演,出演
30271,10055,出演,出演
30096,10055,出演,出演
32333,10055,出演,出演
31011,10055,出演,出演
33162,10055,出演,出演
30942,10055,出演,出演
30083,10056,出演,出演
30768,10056,出演,出演
31116,10056,出演,出演
33213,10056,出演,出演
32726,10056,出演,出演
31117,10056,出演,出演
32834,10056,出演,出演
30921,10056,出演,出演
30273,10056,出演,出演
31736,10056,出演,出演
31968,10056,出演,出演
32206,10056,出演,出演
32373,10056,出演,出演
31814,10056,出演,出演
33127,10056,出演,出演
33506,10056,出演,出演
33153,10056,出演,出演
32755,10056,出演,出演
32716,10056,出演,出演
30661,10056,出演,出演
32275,10056,出演,出演
32083,10056,出演,出演
30020,10056,出演,出演
32573,10056,出演,出演
32384,10056,出演,出演
33064,10056,出演,出演
33288,10056,出演,出演
31108,10056,出演,出演
32896,10056,出演,出演
31636,10056,出演,出演
31809,10056,出演,出演
33373,10056,出演,出演
30472,10056,出演,出演
30291,10056,出演,出演
30272,10056,出演,出演
30682,10056,出演,出演
30376,10056,出演,出演
33190,10056,出演,出演
32727,10056,出演,出演
31983,10056,出演,出演
33291,10056,出演,出演
30832,10056,出演,出演
31012,10056,出演,出演
30598,10056,出演,出演
31692,10056,出演,出演
31471,10056,出演,出演
30593,10057,出演,出演
30708,10057,出演,出演
32002,10057,出演,出演
32845,10057,出演,出演
32411,10057,出演,出演
32571,10057,出演,出演
33066,10057,出演,出演
31350,10057,出演,出演
33004,10057,出演,出演
30590,10057,出演,出演
31394,10057,出演,出演
30347,10057,出演,出演
31398,10057,出演,出演
30505,10057,出演,出演
33475,10057,出演,出演
32129,10057,出演,出演
30467,10057,出演,出演
32179,10057,出演,出演
32391,10057,出演,出演
30099,10057,出演,出演
33512,10058,出演,出演
31306,10058,出演,出演
30248,10058,出演,出演
32632,10058,出演,出演
30427,10058,出演,出演
32056,10058,出演,出演
30732,10058,出演,出演
30004,10058,出演,出演
32406,10058,出演,出演
33270,10058,出演,出演
30559,10058,出演,出演
30138,10058,出演,出演
30571,10058,出演,出演
32400,10058,出演,出演
32416,10058,出演,出演
32595,10059,出演,出演
31984,10059,出演,出演
30901,10059,出演,出演
31800,10059,出演,出演
30458,10059,出演,出演
31379,10059,出演,出演
33367,10059,出演,出演
33158,10059,出演,出演
30224,10059,出演,出演
33208,10059,出演,出演
31283,10059,出演,出演
31894,10059,出演,出演
31544,10059,出演,出演
30002,10059,出演,出演
31205,10059,出演,出演
31420,10059,出演,出演
32502,10059,出演,出演
31126,10059,出演,出演
31276,10059,出演,出演
32245,10059,出演,出演
33540,10059,出演,出演
33005,10059,出演,出演
30284,10060,出演,出演
33205,10060,出演,出演
32939,10060,出演,出演
31171,10060,出演,出演
33249,10060,出演,出演
33372,10060,出演,出演
31802,10060,出演,出演
30677,10060,出演,出演
33006,10060,出演,出演
33025,10060,出演,出演
30287,10061,出演,出演
30024,10061,出演,出演
32885,10061,出演,出演
30541,10061,出演,出演
32764,10061,出演,出演
31309,10061,出演,出演
30187,10061,出演,出演
31373,10061,出演,出演
30728,10061,出演,出演
30965,10061,出演,出演
31537,10061,出演,出演
30937,10061,出演,出演
32761,10061,出演,出演
32057,10061,出演,出演
31444,10061,出演,出演
30980,10061,出演,出演
32699,10061,出演,出演
32899,10061,出演,出演
30723,10061,出演,出演
32313,10061,出演,出演
32090,10061,出演,出演
31222,10061,出演,出演
31582,10061,出演,出演
31841,10061,出演,出演
31451,10061,出演,出演
32704,10062,出演,出演
31021,10062,出演,出演
32801,10062,出演,出演
33476,10062,出演,出演
30685,10062,出演,出演
33227,10062,出演,出演
30973,10062,出演,出演
33427,10062,出演,出演
32847,10062,出演,出演
31051,10062,出演,出演
30754,10062,出演,出演
32052,10062,出演,出演
32734,10062,出演,出演
31828,10062,出演,出演
31274,10062,出演,出演
30499,10063,出演,出演
32730,10063,出演,出演
30833,10063,出演,出演
32217,10063,出演,出演
31926,10063,出演,出演
30557,10063,出演,出演
30902,10063,出演,出演
30516,10063,出演,出演
30733,10063,出演,出演
31936,10064,出演,出演
31412,10064,出演,出演
31587,10064,出演,出演
30226,10064,出演,出演
32099,10064,出演,出演
32607,10064,出演,出演
30547,10064,出演,出演
30962,10064,出演,出演
32417,10064,出演,出演
30333,10064,出演,出演
30465,10064,出演,出演
32940,10064,出演,出演
31239,10064,出演,出演
32076,10064,出演,出演
31755,10064,出演,出演
31116,10064,出演,出演
32274,10065,出演,出演
31005,10065,出演,出演
32267,10065,出演,出演
33261,10065,出演,出演
30259,10065,出演,出演
33142,10065,出演,出演
32084,10065,出演,出演
31080,10065,出演,出演
30684,10065,出演,出演
32916,10065,出演,出演
30144,10065,出演,出演
31846,10065,出演,出演
33515,10065,出演,出演
33304,10065,出演,出演
33448,10066,出演,出演
33336,10066,出演,出演
31775,10066,出演,出演
32583,10066,出演,出演
31807,10066,出演,出演
30411,10066,出演,出演
33157,10066,出演,出演
32282,10067,出演,出演
30970,10067,出演,出演
30192,10067,出演,出演
32971,10067,出演,出演
31623,10067,出演,出演
30286,10067,出演,出演
31867,10067,出演,出演
31295,10067,出演,出演
33152,10067,出演,出演
31613,10067,出演,出演
30108,10067,出演,出演
31969,10067,出演,出演
33193,10067,出演,出演
30716,10067,出演,出演
31763,10067,出演,出演
31555,10067,出演,出演
32721,10067,出演,出演
31531,10068,出演,出演
30296,10068,出演,出演
31631,10068,出演,出演
33488,10068,出演,出演
30613,10068,出演,出演
32765,10068,出演,出演
30221,10068,出演,出演
32709,10068,出演,出演
32986,10068,出演,出演
33508,10068,出演,出演
30016,10068,出演,出演
32233,10069,出演,出演
31044,10069,出演,出演
30814,10069,出演,出演
31908,10069,出演,出演
31117,10069,出演,出演
30714,10069,出演,出演
30351,10069,出演,出演
31863,10069,出演,出演
30841,10069,出演,出演
31528,10069,出演,出演
32603,10069,出演,出演
30764,10069,出演,出演
31343,10069,出演,出演
33297,10069,出演,出演
33521,10069,出演,出演
30620,10069,出演,出演
33390,10069,出演,出演
31992,10069,出演,出演
31048,10069,出演,出演
31762,10069,出演,出演
31380,10069,出演,出演
30780,10069,出演,出演
32205,10069,出演,出演
31244,10069,出演,出演
30637,10069,出演,出演
31095,10069,出演,出演
30775,10069,出演,出演
32238,10069,出演,出演
33524,10069,出演,出演
31331,10069,出演,出演
30618,10069,出演,出演
32355,10069,出演,出演
31261,10069,出演,出演
33076,10069,出演,出演
30355,10069,出演,出演
32212,10069,出演,出演
31340,10069,出演,出演
32917,10069,出演,出演
30393,10069,出演,出演
30439,10069,出演,出演
31464,10069,出演,出演
32254,10069,出演,出演
31756,10069,出演,出演
32005,10069,出演,出演
30785,10069,出演,出演
33432,10069,出演,出演
33028,10069,出演,出演
31691,10069,出演,出演
32365,10070,出演,出演
32703,10070,出演,出演
33301,10070,出演,出演
32326,10070,出演,出演
33277,10070,出演,出演
30934,10070,出演,出演
31250,10070,出演,出演
31805,10070,出演,出演
31701,10070,出演,出演
33178,10070,出演,出演
30601,10070,出演,出演
32922,10070,出演,出演
33387,10070,出演,出演
30523,10070,出演,出演
30408,10070,出演,出演
30834,10070,出演,出演
30075,10070,出演,出演
32968,10070,出演,出演
32224,10070,出演,出演
32506,10070,出演,出演
30448,10070,出演,出演
31868,10070,出演,出演
32518,10071,出演,出演
30375,10071,出演,出演
32823,10071,出演,出演
32731,10071,出演,出演
33048,10071,出演,出演
32733,10071,出演,出演
31097,10071,出演,出演
33501,10071,出演,出演
30604,10071,出演,出演
30897,10071,出演,出演
31366,10071,出演,出演
31497,10071,出演,出演
32683,10071,出演,出演
31778,10071,出演,出演
33401,10071,出演,出演
32431,10071,出演,出演
31009,10071,出演,出演
31469,10071,出演,出演
30578,10071,出演,出演
30540,10072,出演,出演
30024,10072,出演,出演
30453,10072,出演,出演
31790,10072,出演,出演
33323,10072,出演,出演
31141,10072,出演,出演
33428,10072,出演,出演
33040,10072,出演,出演
30695,10073,出演,出演
33213,10073,出演,出演
30436,10073,出演,出演
33275,10073,出演,出演
32276,10073,出演,出演
31768,10073,出演,出演
30129,10073,出演,出演
30986,10073,出演,出演
33206,10073,出演,出演
33286,10073,出演,出演
31549,10073,出演,出演
32103,10073,出演,出演
30931,10073,出演,出演
30218,10073,出演,出演
32473,10073,出演,出演
32686,10073,出演,出演
30740,10073,出演,出演
32692,10073,出演,出演
32125,10073,出演,出演
31933,10073,出演,出演
32956,10073,出演,出演
31953,10073,出演,出演
31073,10073,出演,出演
30822,10073,出演,出演
31089,10073,出演,出演
30127,10073,出演,出演
31430,10073,出演,出演
31143,10073,出演,出演
33284,10073,出演,出演
31568,10073,出演,出演
32104,10073,出演,出演
31228,10073,出演,出演
32246,10074,出演,出演
32832,10074,出演,出演
33052,10074,出演,出演
33083,10074,出演,出演
30982,10074,出演,出演
33104,10074,出演,出演
31852,10074,出演,出演
33296,10074,出演,出演
31684,10074,出演,出演
31323,10074,出演,出演
31937,10074,出演,出演
30128,10074,出演,出演
32565,10074,出演,出演
32438,10074,出演,出演
32425,10074,出演,出演
31817,10074,出演,出演
33349,10074,出演,出演
32886,10074,出演,出演
31550,10074,出演,出演
31998,10074,出演,出演
30464,10075,出演,出演
30483,10075,出演,出演
30926,10075,出演,出演
33365,10075,出演,出演
33389,10075,出演,出演
31374,10075,出演,出演
32664,10075,出演,出演
31885,10075,出演,出演
30874,10075,出演,出演
33394,10075,出演,出演
32945,10075,出演,出演
33380,10075,出演,出演
32567,10075,出演,出演
31024,10075,出演,出演
32269,10075,出演,出演
31882,10075,出演,出演
31707,10076,出演,出演
32233,10076,出演,出演
30508,10076,出演,出演
30556,10076,出演,出演
30930,10076,出演,出演
30017,10076,出演,出演
31786,10076,出演,出演
30283,10076,出演,出演
32987,10076,出演,出演
32024,10076,出演,出演
32469,10076,出演,出演
31152,10076,出演,出演
33092,10076,出演,出演
32564,10076,出演,出演
30519,10077,出演,出演
31888,10077,出演,出演
31586,10077,出演,出演
32960,10077,出演,出演
30900,10077,出演,出演
30339,10077,出演,出演
31458,10077,出演,出演
31640,10077,出演,出演
30137,10077,出演,出演
32210,10077,出演,出演
32020,10077,出演,出演
32181,10078,出演,出演
32680,10078,出演,出演
30021,10078,出演,出演
33348,10078,出演,出演
30895,10078,出演,出演
32941,10078,出演,出演
30240,10078,出演,出演
32110,10078,出演,出演
32265,10078,出演,出演
31074,10078,出演,出演
32121,10078,出演,出演
31923,10078,出演,出演
31296,10078,出演,出演
31516,10078,出演,出演
31153,10078,出演,出演
30195,10078,出演,出演
33434,10078,出演,出演
30334,10078,出演,出演
30925,10078,出演,出演
33074,10078,出演,出演
33145,10078,出演,出演
31556,10078,出演,出演
30789,10078,出演,出演
31632,10078,出演,出演
30911,10078,出演,出演
32450,10079,出演,出演
32667,10079,出演,出演
32454,10079,出演,出演
30159,10079,出演,出演
30251,10079,出演,出演
30141,10079,出演,出演
33141,10079,出演,出演
31843,10079,出演,出演
32523,10079,出演,出演
32441,10079,出演,出演
33078,10079,出演,出演
32327,10079,出演,出演
33495,10079,出演,出演
32269,10079,出演,出演
31934,10079,出演,出演
30166,10080,出演,出演
30616,10080,出演,出演
32582,10080,出演,出演
31406,10080,出演,出演
30683,10080,出演,出演
32555,10080,出演,出演
30741,10080,出演,出演
30022,10081,出演,出演
32718,10081,出演,出演
31462,10081,出演,出演
33169,10082,出演,出演
31325,10082,出演,出演
31705,10082,出演,出演
30602,10082,出演,出演
30132,10082,出演,出演
31041,10082,出演,出演
30053,10082,出演,出演
30386,10082,出演,出演
31892,10082,出演,出演
30301,10082,出演,出演
30451,10082,出演,出演
32661,10082,出演,出演
30566,10082,出演,出演
32139,10082,出演,出演
31078,10082,出演,出演
33033,10082,出演,出演
30594,10082,出演,出演
32687,10082,出演,出演
32027,10082,出演,出演
31148,10082,出演,出演
32902,10082,出演,出演
31585,10082,出演,出演
32635,10082,出演,出演
31121,10082,出演,出演
31105,10082,出演,出演
31759,10082,出演,出演
32754,10082,出演,出演
30202,10082,出演,出演
30841,10083,出演,出演
33254,10083,出演,出演
30791,10083,出演,出演
30106,10083,出演,出演
31679,10083,出演,出演
31517,10083,出演,出演
33470,10083,出演,出演
31791,10083,出演,出演
32349,10083,出演,出演
32033,10083,出演,出演
33295,10083,出演,出演
30036,10083,出演,出演
31904,10083,出演,出演
30265,10083,出演,出演
30276,10083,出演,出演
31356,10083,出演,出演
31982,10084,出演,出演
33133,10084,出演,出演
31055,10084,出演,出演
31035,10084,出演,出演
32302,10084,出演,出演
31787,10084,出演,出演
31573,10084,出演,出演
32980,10084,出演,出演
32866,10084,出演,出演
32657,10084,出演,出演
30316,10084,出演,出演
32736,10084,出演,出演
30769,10084,出演,出演
32738,10084,出演,出演
30362,10084,出演,出演
32114,10084,出演,出演
32093,10084,出演,出演
30070,10084,出演,出演
31666,10084,出演,出演
31707,10085,出演,出演
32423,10085,出演,出演
31639,10085,出演,出演
30231,10085,出演,出演
32900,10085,出演,出演
32296,10085,出演,出演
30145,10085,出演,出演
31298,10085,出演,出演
31640,10085,出演,出演
32150,10085,出演,出演
32764,10085,出演,出演
31675,10085,出演,出演
32620,10085,出演,出演
30538,10085,出演,出演
32472,10086,出演,出演
30757,10086,出演,出演
30284,10086,出演,出演
33526,10086,出演,出演
31709,10086,出演,出演
30603,10086,出演,出演
31028,10086,出演,出演
31373,10086,出演,出演
30984,10086,出演,出演
30069,10086,出演,出演
31405,10086,出演,出演
33523,10086,出演,出演
33259,10086,出演,出演
33109,10086,出演,出演
31710,10086,出演,出演
32277,10086,出演,出演
32243,10086,出演,出演
31661,10087,出演,出演
33462,10087,出演,出演
30588,10087,出演,出演
32171,10087,出演,出演
32290,10087,出演,出演
30377,10087,出演,出演
30093,10088,出演,出演
31352,10088,出演,出演
30669,10088,出演,出演
33090,10088,出演,出演
32557,10088,出演,出演
30351,10088,出演,出演
33369,10088,出演,出演
33535,10088,出演,出演
31765,10088,出演,出演
30442,10088,出演,出演
32041,10088,出演,出演
31740,10088,出演,出演
33250,10088,出演,出演
31727,10089,出演,出演
32815,10089,出演,出演
33496,10089,出演,出演
32596,10089,出演,出演
32587,10089,出演,出演
32063,10089,出演,出演
33312,10089,出演,出演
30621,10089,出演,出演
32858,10089,出演,出演
30344,10089,出演,出演
31866,10089,出演,出演
30471,10089,出演,出演
32532,10089,出演,出演
32508,10090,出演,出演
33024,10090,出演,出演
30924,10090,出演,出演
30892,10090,出演,出演
32830,10090,出演,出演
33169,10091,出演,出演
31700,10091,出演,出演
31893,10091,出演,出演
30611,10091,出演,出演
33044,10091,出演,出演
32420,10091,出演,出演
30504,10092,出演,出演
32153,10092,出演,出演
31512,10092,出演,出演
30680,10092,出演,出演
32281,10092,出演,出演
33387,10092,出演,出演
33008,10092,出演,出演
32365,10092,出演,出演
30853,10092,出演,出演
31803,10092,出演,出演
32077,10092,出演,出演
31472,10092,出演,出演
31292,10092,出演,出演
33016,10092,出演,出演
30529,10092,出演,出演
33375,10092,出演,出演
30253,10092,出演,出演
31746,10092,出演,出演
30234,10092,出演,出演
32470,10092,出演,出演
31659,10092,出演,出演
31207,10092,出演,出演
33016,10092,出演,出演
30497,10092,出演,出演
30548,10092,出演,出演
30173,10092,出演,出演
30805,10092,出演,出演
32937,10092,出演,出演
31844,10092,出演,出演
32062,10092,出演,出演
31975,10092,出演,出演
33327,10093,出演,出演
31077,10093,出演,出演
33086,10093,出演,出演
33010,10093,出演,出演
32639,10093,出演,出演
31003,10093,出演,出演
31413,10093,出演,出演
32722,10093,出演,出演
31033,10093,出演,出演
31015,10093,出演,出演
31704,10093,出演,出演
31510,10093,出演,出演
33504,10093,出演,出演
33344,10093,出演,出演
30238,10093,出演,出演
32032,10093,出演,出演
32189,10093,出演,出演
31915,10093,出演,出演
32592,10093,出演,出演
30428,10093,出演,出演
31167,10093,出演,出演
30642,10093,出演,出演
31719,10093,出演,出演
31667,10093,出演,出演
30836,10093,出演,出演
33472,10093,出演,出演
31758,10093,出演,出演
30919,10093,出演,出演
31957,10093,出演,出演
31949,10093,出演,出演
30803,10093,出演,出演
32601,10093,出演,出演
30731,10093,出演,出演
32575,10093,出演,出演
30526,10093,出演,出演
32085,10093,出演,出演
30367,10093,出演,出演
31086,10094,出演,出演
32025,10094,出演,出演
32900,10094,出演,出演
33165,10094,出演,出演
30871,10094,出演,出演
30010,10094,出演,出演
32058,10094,出演,出演
32610,10094,出演,出演
30191,10094,出演,出演
31436,10094,出演,出演
32961,10094,出演,出演
33171,10094,出演,出演
31999,10094,出演,出演
31147,10094,出演,出演
32050,10094,出演,出演
31774,10094,出演,出演
32664,10095,出演,出演
32424,10095,出演,出演
32943,10095,出演,出演
31368,10095,出演,出演
30595,10095,出演,出演
33340,10095,出演,出演
30389,10095,出演,出演
31016,10095,出演,出演
31270,10095,出演,出演
30031,10095,出演,出演
32101,10095,出演,出演
30981,10095,出演,出演
32293,10096,出演,出演
31592,10096,出演,出演
32718,10096,出演,出演
31734,10096,出演,出演
33041,10096,出演,出演
33271,10097,出演,出演
30305,10097,出演,出演
30721,10097,出演,出演
32586,10097,出演,出演
31717,10097,出演,出演
32544,10097,出演,出演
30126,10097,出演,出演
31669,10097,出演,出演
32943,10098,出演,出演
30644,10098,出演,出演
30918,10098,出演,出演
30359,10098,出演,出演
30340,10098,出演,出演
30087,10098,出演,出演
30094,10098,出演,出演
30535,10098,出演,出演
33128,10098,出演,出演
30434,10098,出演,出演
32788,10098,出演,出演
33043,10098,出演,出演
30441,10098,出演,出演
30307,10099,出演,出演
30488,10099,出演,出演
31909,10099,出演,出演
32758,10099,出演,出演
30525,10099,出演,出演
30761,10099,出演,出演
31333,10099,出演,出演
31821,10099,出演,出演
31502,10099,出演,出演
30383,10099,出演,出演
31215,10100,出演,出演
32766,10100,出演,出演
32649,10100,出演,出演
31279,10100,出演,出演
32278,10100,出演,出演
30842,10100,出演,出演
30527,10100,出演,出演
30280,10100,出演,出演
30801,10100,出演,出演
33503,10100,出演,出演
30709,10100,出演,出演
31210,10100,出演,出演
32142,10100,出演,出演
31348,10100,出演,出演
33423,10100,出演,出演
30791,10101,出演,出演
32542,10101,出演,出演
30955,10101,出演,出演
30872,10101,出演,出演
31054,10101,出演,出演
31951,10101,出演,出演
30167,10101,出演,出演
33251,10101,出演,出演
31377,10101,出演,出演
33315,10101,出演,出演
30678,10101,出演,出演
33455,10101,出演,出演
31029,10101,出演,出演
30414,10101,出演,出演
30612,10102,出演,出演
33342,10102,出演,出演
30905,10102,出演,出演
33191,10102,出演,出演
30445,10102,出演,出演
30032,10102,出演,出演
32493,10102,出演,出演
32964,10102,出演,出演
32509,10102,出演,出演
31525,10102,出演,出演
30167,10102,出演,出演
30109,10102,出演,出演
32288,10102,出演,出演
30700,10102,出演,出演
32921,10102,出演,出演
31678,10102,出演,出演
30100,10102,出演,出演
31403,10102,出演,出演
32570,10103,出演,出演
30686,10103,出演,出演
31840,10103,出演,出演
32685,10103,出演,出演
30889,10103,出演,出演
32795,10103,出演,出演
32979,10103,出演,出演
30354,10103,出演,出演
31299,10103,出演,出演
33345,10103,出演,出演
32701,10103,出演,出演
33018,10103,出演,出演
30420,10103,出演,出演
32304,10103,出演,出演
31729,10103,出演,出演
31567,10103,出演,出演
32630,10104,出演,出演
32578,10104,出演,出演
31114,10104,出演,出演
33443,10104,出演,出演
32232,10104,出演,出演
31578,10104,出演,出演
32637,10104,出演,出演
30252,10104,出演,出演
32803,10104,出演,出演
31973,10104,出演,出演
32306,10104,出演,出演
32278,10105,出演,出演
31218,10105,出演,出演
33538,10105,出演,出演
33039,10105,出演,出演
30360,10105,出演,出演
32718,10106,出演,出演
32293,10106,出演,出演
30022,10106,出演,出演
30198,10106,出演,出演
32412,10106,出演,出演
31649,10106,出演,出演
32821,10106,出演,出演
32221,10106,出演,出演
32326,10106,出演,出演
32197,10106,出演,出演
31788,10106,出演,出演
30983,10107,出演,出演
31857,10107,出演,出演
31672,10107,出演,出演
33199,10107,出演,出演
32785,10107,出演,出演
33280,10107,出演,出演
31806,10107,出演,出演
33370,10107,出演,出演
31315,10107,出演,出演
32535,10107,出演,出演
32628,10107,出演,出演
31794,10107,出演,出演
32530,10107,出演,出演
32889,10107,出演,出演
32042,10107,出演,出演
31117,10107,出演,出演
32393,10107,出演,出演
32226,10108,出演,出演
32821,10108,出演,出演
32728,10108,出演,出演
31830,10108,出演,出演
31770,10108,出演,出演
31371,10108,出演,出演
30773,10108,出演,出演
30343,10108,出演,出演
32796,10109,出演,出演
33536,10109,出演,出演
31085,10109,出演,出演
30745,10109,出演,出演
31467,10109,出演,出演
30449,10109,出演,出演
32926,10109,出演,出演
32014,10109,出演,出演
31851,10109,出演,出演
31674,10109,出演,出演
32800,10110,出演,出演
30337,10110,出演,出演
33252,10110,出演,出演
32513,10110,出演,出演
30653,10110,出演,出演
33225,10110,出演,出演
33282,10110,出演,出演
31237,10110,出演,出演
31196,10110,出演,出演
30267,10110,出演,出演
31232,10110,出演,出演
33497,10110,出演,出演
32694,10111,出演,出演
30666,10111,出演,出演
33207,10111,出演,出演
31783,10111,出演,出演
33328,10111,出演,出演
31569,10111,出演,出演
30233,10111,出演,出演
32981,10111,出演,出演
31399,10112,出演,出演
33444,10112,出演,出演
31601,10112,出演,出演
33378,10112,出演,出演
30530,10112,出演,出演
32015,10112,出演,出演
31358,10112,出演,出演
32624,10112,出演,出演
31902,10112,出演,出演
30459,10112,出演,出演
31491,10112,出演,出演
32786,10112,出演,出演
31687,10112,出演,出演
31974,10113,出演,出演
31822,10113,出演,出演
33222,10113,出演,出演
32428,10113,出演,出演
32806,10113,出演,出演
30060,10113,出演,出演
32799,10113,出演,出演
31816,10113,出演,出演
31202,10113,出演,出演
31754,10113,出演,出演
32154,10113,出演,出演
30225,10113,出演,出演
30906,10113,出演,出演
33156,10113,出演,出演
31236,10113,出演,出演
30858,10113,出演,出演
30261,10113,出演,出演
30022,10114,出演,出演
31649,10114,出演,出演
32510,10114,出演,出演
30125,10114,出演,出演
30118,10114,出演,出演
31796,10114,出演,出演
30437,10114,出演,出演
31945,10114,出演,出演
30629,10115,出演,出演
32306,10115,出演,出演
30216,10115,出演,出演
32045,10115,出演,出演
30284,10116,出演,出演
32034,10116,出演,出演
30753,10116,出演,出演
30181,10116,出演,出演
32016,10116,出演,出演
30489,10116,出演,出演
31900,10116,出演,出演
32130,10116,出演,出演
30393,10116,出演,出演
31922,10116,出演,出演
33477,10116,出演,出演
32590,10116,出演,出演
32810,10116,出演,出演
31690,10116,出演,出演
31997,10116,出演,出演
32763,10116,出演,出演
33473,10116,出演,出演
30589,10116,出演,出演
32043,10116,出演,出演
30787,10116,出演,出演
30661,10116,出演,出演
30522,10116,出演,出演
31878,10116,出演,出演
32087,10116,出演,出演
32475,10116,出演,出演
31493,10116,出演,出演
33312,10117,出演,出演
31727,10117,出演,出演
30406,10117,出演,出演
33189,10117,出演,出演
30432,10117,出演,出演
30816,10117,出演,出演
30023,10117,出演,出演
30311,10117,出演,出演
30850,10117,出演,出演
30848,10117,出演,出演
31107,10117,出演,出演
30619,10117,出演,出演
32844,10117,出演,出演
30455,10117,出演,出演
30188,10117,出演,出演
33080,10117,出演,出演
33105,10117,出演,出演
32863,10117,出演,出演
30983,10118,出演,出演
31857,10118,出演,出演
30820,10118,出演,出演
30098,10118,出演,出演
31884,10118,出演,出演
33484,10118,出演,出演
32751,10118,出演,出演
31833,10118,出演,出演
32684,10118,出演,出演
30635,10118,出演,出演
32336,10119,出演,出演
31533,10119,出演,出演
30954,10119,出演,出演
33096,10119,出演,出演
30886,10119,出演,出演
31869,10119,出演,出演
32480,10119,出演,出演
31004,10119,出演,出演
31414,10119,出演,出演
33349,10119,出演,出演
32278,10120,出演,出演
31218,10120,出演,出演
33538,10120,出演,出演
33039,10120,出演,出演
30360,10120,出演,出演
32035,10121,出演,出演
30046,10121,出演,出演
32094,10121,出演,出演
31327,10121,出演,出演
32966,10121,出演,出演
30290,10121,出演,出演
32876,10121,出演,出演
32444,10121,出演,出演
32274,10122,出演,出演
31005,10122,出演,出演
32267,10122,出演,出演
30445,10122,出演,出演
32472,10122,出演,出演
33261,10122,出演,出演
30259,10122,出演,出演
33142,10122,出演,出演
31846,10122,出演,出演
30144,10122,出演,出演
31201,10122,出演,出演
32789,10122,出演,出演
33182,10122,出演,出演
30987,10122,出演,出演
30491,10122,出演,出演
30212,10122,出演,出演
30868,10122,出演,出演
33022,10122,出演,出演
30684,10122,出演,出演
31573,10122,出演,出演
30447,10122,出演,出演
30511,10122,出演,出演
32106,10122,出演,出演
30813,10122,出演,出演
33489,10122,出演,出演
30521,10122,出演,出演
32916,10122,出演,出演
31519,10122,出演,出演
32973,10122,出演,出演
32148,10123,出演,出演
31422,10123,出演,出演
31282,10123,出演,出演
31286,10123,出演,出演
33311,10123,出演,出演
32405,10123,出演,出演
31489,10123,出演,出演
31400,10123,出演,出演
33097,10123,出演,出演
32233,10124,出演,出演
30696,10124,出演,出演
32791,10124,出演,出演
31757,10124,出演,出演
31593,10124,出演,出演
30007,10124,出演,出演
32879,10124,出演,出演
31352,10124,出演,出演
30005,10124,出演,出演
31703,10124,出演,出演
30003,10124,出演,出演
32464,10124,出演,出演
32883,10124,出演,出演
31375,10124,出演,出演
32397,10124,出演,出演
31771,10124,出演,出演
32049,10124,出演,出演
31265,10124,出演,出演
30227,10124,出演,出演
32479,10124,出演,出演
32934,10124,出演,出演
32071,10124,出演,出演
33491,10124,出演,出演
30817,10124,出演,出演
31428,10124,出演,出演
30750,10124,出演,出演
30524,10124,出演,出演
32546,10124,出演,出演
33429,10124,出演,出演
31459,10124,出演,出演
30802,10124,出演,出演
31382,10124,出演,出演
32022,10124,出演,出演
32107,10124,出演,出演
31985,10124,出演,出演
32448,10124,出演,出演
32286,10124,出演,出演
31858,10124,出演,出演
30262,10124,出演,出演
33445,10124,出演,出演
30781,10124,出演,出演
31810,10124,出演,出演
32044,10124,出演,出演
32465,10124,出演,出演
33181,10124,出演,出演
33260,10124,出演,出演
31132,10124,出演,出演
30163,10124,出演,出演
30605,10124,出演,出演
30928,10124,出演,出演
30361,10124,出演,出演
33483,10125,出演,出演
30536,10125,出演,出演
32028,10125,出演,出演
30169,10125,出演,出演
30285,10125,出演,出演
31206,10125,出演,出演
30450,10125,出演,出演
32381,10125,出演,出演
30375,10126,出演,出演
30958,10126,出演,出演
33165,10126,出演,出演
33029,10126,出演,出演
32964,10126,出演,出演
30447,10126,出演,出演
32823,10126,出演,出演
30540,10126,出演,出演
30655,10126,出演,出演
30624,10126,出演,出演
32894,10126,出演,出演
30941,10126,出演,出演
30752,10126,出演,出演
30623,10126,出演,出演
31887,10126,出演,出演
30133,10126,出演,出演
30615,10126,出演,出演
31537,10126,出演,出演
32504,10126,出演,出演
30715,10126,出演,出演
30563,10127,出演,出演
33305,10127,出演,出演
30009,10127,出演,出演
30887,10127,出演,出演
33465,10127,出演,出演
30308,10127,出演,出演
31732,10127,出演,出演
33239,10128,出演,出演
30055,10128,出演,出演
30927,10128,出演,出演
30695,10128,出演,出演
33209,10128,出演,出演
32624,10128,出演,出演
30966,10128,出演,出演
31193,10128,出演,出演
30823,10128,出演,出演
30088,10128,出演,出演
31084,10128,出演,出演
31243,10128,出演,出演
31267,10128,出演,出演
32194,10128,出演,出演
31381,10128,出演,出演
30746,10128,出演,出演
31845,10128,出演,出演
31554,10128,出演,出演
32297,10129,出演,出演
32741,10129,出演,出演
32690,10129,出演,出演
31257,10129,出演,出演
30869,10129,出演,出演
33020,10129,出演,出演
30307,10130,出演,出演
33173,10130,出演,出演
31308,10130,出演,出演
30081,10130,出演,出演
33212,10130,出演,出演
30232,10130,出演,出演
32562,10130,出演,出演
32553,10130,出演,出演
30325,10130,出演,出演
31563,10130,出演,出演
32882,10130,出演,出演
33084,10130,出演,出演
32272,10130,出演,出演
32260,10130,出演,出演
30786,10130,出演,出演
30747,10130,出演,出演
31169,10130,出演,出演
30946,10130,出演,出演
33429,10131,出演,出演
30947,10131,出演,出演
32769,10131,出演,出演
31358,10131,出演,出演
33159,10131,出演,出演
31087,10131,出演,出演
32525,10131,出演,出演
31174,10131,出演,出演
31071,10131,出演,出演
33125,10131,出演,出演
30948,10131,出演,出演
31542,10131,出演,出演
32202,10131,出演,出演
33404,10131,出演,出演
31145,10131,出演,出演
30877,10132,出演,出演
31419,10132,出演,出演
31184,10132,出演,出演
32921,10132,出演,出演
33106,10132,出演,出演
30724,10132,出演,出演
33149,10132,出演,出演
32682,10132,出演,出演
33299,10132,出演,出演
33404,10132,出演,出演
31981,10132,出演,出演
31275,10132,出演,出演
30998,10132,出演,出演
32671,10132,出演,出演
31284,10133,出演,出演
33510,10133,出演,出演
30235,10133,出演,出演
32545,10133,出演,出演
31168,10133,出演,出演
30180,10133,出演,出演
32750,10133,出演,出演
32569,10133,出演,出演
31199,10133,出演,出演
31921,10133,出演,出演
31619,10133,出演,出演
30656,10133,出演,出演
31465,10133,出演,出演
31797,10133,出演,出演
31862,10133,出演,出演
32184,10133,出演,出演
32519,10134,出演,出演
30561,10134,出演,出演
30614,10134,出演,出演
31989,10134,出演,出演
30600,10134,出演,出演
30531,10134,出演,出演
31156,10134,出演,出演
32260,10134,出演,出演
31738,10134,出演,出演
31371,10134,出演,出演
31813,10134,出演,出演
33036,10134,出演,出演
30748,10134,出演,出演
30398,10134,出演,出演
32065,10134,出演,出演
32323,10134,出演,出演
32848,10134,出演,出演
32111,10134,出演,出演
30863,10134,出演,出演
32529,10134,出演,出演
30576,10135,出演,出演
30862,10135,出演,出演
32827,10135,出演,出演
30274,10135,出演,出演
30293,10135,出演,出演
30774,10135,出演,出演
32871,10135,出演,出演
30742,10135,出演,出演
31930,10135,出演,出演
31611,10135,出演,出演
31017,10135,出演,出演
31961,10135,出演,出演
33102,10135,出演,出演
30643,10135,出演,出演
30888,10135,出演,出演
31482,10136,出演,出演
30201,10136,出演,出演
31344,10136,出演,出演
30978,10136,出演,出演
33195,10136,出演,出演
33140,10136,出演,出演
30215,10136,出演,出演
30841,10137,出演,出演
32663,10137,出演,出演
31353,10137,出演,出演
31586,10137,出演,出演
30899,10137,出演,出演
32807,10137,出演,出演
33342,10137,出演,出演
30463,10137,出演,出演
32173,10137,出演,出演
31380,10137,出演,出演
33087,10137,出演,出演
31668,10137,出演,出演
31426,10137,出演,出演
31772,10137,出演,出演
32039,10137,出演,出演
32112,10138,出演,出演
32165,10138,出演,出演
31485,10138,出演,出演
32234,10138,出演,出演
30331,10138,出演,出演
32958,10138,出演,出演
30564,10138,出演,出演
30415,10138,出演,出演
33114,10139,出演,出演
31059,10139,出演,出演
32106,10139,出演,出演
30611,10139,出演,出演
30623,10139,出演,出演
32403,10139,出演,出演
32214,10139,出演,出演
32873,10139,出演,出演
32113,10139,出演,出演
33261,10139,出演,出演
33307,10139,出演,出演
32837,10139,出演,出演
30942,10139,出演,出演
32358,10139,出演,出演
31233,10139,出演,出演
32003,10139,出演,出演
31706,10139,出演,出演
31645,10139,出演,出演
33066,10140,出演,出演
30593,10140,出演,出演
32571,10140,出演,出演
32461,10140,出演,出演
31580,10140,出演,出演
33301,10141,出演,出演
32066,10141,出演,出演
30022,10141,出演,出演
33268,10141,出演,出演
32520,10141,出演,出演
32482,10141,出演,出演
32216,10141,出演,出演
30553,10141,出演,出演
31609,10141,出演,出演
32700,10141,出演,出演
32957,10141,出演,出演
32100,10142,出演,出演
30093,10142,出演,出演
33069,10142,出演,出演
32217,10142,出演,出演
33490,10142,出演,出演
30893,10142,出演,出演
31453,10142,出演,出演
30667,10142,出演,出演
33343,10142,出演,出演
31875,10142,出演,出演
33231,10142,出演,出演
33117,10142,出演,出演
30972,10142,出演,出演
31767,10143,出演,出演
32385,10143,出演,出演
32081,10143,出演,出演
31297,10143,出演,出演
31030,10143,出演,出演
31688,10143,出演,出演
33391,10143,出演,出演
31303,10143,出演,出演
31216,10143,出演,出演
31463,10143,出演,出演
30989,10143,出演,出演
30431,10143,出演,出演
30494,10143,出演,出演
30249,10143,出演,出演
30975,10143,出演,出演
31172,10143,出演,出演
30297,10143,出演,出演
31367,10143,出演,出演
31950,10143,出演,出演
31188,10143,出演,出演
30022,10144,出演,出演
32293,10144,出演,出演
32718,10144,出演,出演
32412,10144,出演,出演
32821,10144,出演,出演
32326,10144,出演,出演
32221,10144,出演,出演
31598,10144,出演,出演
32942,10144,出演,出演
33197,10145,出演,出演
30057,10145,出演,出演
30932,10145,出演,出演
32247,10145,出演,出演
31731,10145,出演,出演
32088,10146,出演,出演
32696,10146,出演,出演
30097,10146,出演,出演
32378,10146,出演,出演
32688,10146,出演,出演
33163,10146,出演,出演
32141,10146,出演,出演
31473,10146,出演,出演
33060,10146,出演,出演
32561,10146,出演,出演
32996,10146,出演,出演
31504,10147,出演,出演
30729,10147,出演,出演
30662,10147,出演,出演
30681,10147,出演,出演
31325,10147,出演,出演
32476,10147,出演,出演
32887,10147,出演,出演
32455,10147,出演,出演
32719,10147,出演,出演
30758,10147,出演,出演
32616,10147,出演,出演
31395,10147,出演,出演
32258,10147,出演,出演
30870,10147,出演,出演
33424,10147,出演,出演
32363,10147,出演,出演
32097,10147,出演,出演
31595,10147,出演,出演
30843,10147,出演,出演
31109,10147,出演,出演
31529,10147,出演,出演
32228,10147,出演,出演
30794,10147,出演,出演
30689,10147,出演,出演
30611,10148,出演,出演
30380,10148,出演,出演
33174,10148,出演,出演
30278,10148,出演,出演
32054,10148,出演,出演
32542,10148,出演,出演
31268,10148,出演,出演
30390,10148,出演,出演
31617,10148,出演,出演
30430,10148,出演,出演
30054,10148,出演,出演
32157,10148,出演,出演
30769,10148,出演,出演
33382,10148,出演,出演
32200,10148,出演,出演
32143,10148,出演,出演
30782,10148,出演,出演
31880,10148,出演,出演
33182,10149,出演,出演
33479,10149,出演,出演
32214,10149,出演,出演
30364,10149,出演,出演
30156,10149,出演,出演
32486,10149,出演,出演
31415,10149,出演,出演
32157,10149,出演,出演
32503,10149,出演,出演
32662,10149,出演,出演
30228,10149,出演,出演
31181,10149,出演,出演
32419,10149,出演,出演
33306,10149,出演,出演
31006,10149,出演,出演
30260,10149,出演,出演
32298,10149,出演,出演
30697,10149,出演,出演
30539,10149,出演,出演
32740,10149,出演,出演
32777,10149,出演,出演
31752,10149,出演,出演
31589,10149,出演,出演
30606,10149,出演,出演
32036,10149,出演,出演
31264,10149,出演,出演
33240,10149,出演,出演
30806,10149,出演,出演
31523,10149,出演,出演
33200,10149,出演,出演
30992,10149,出演,出演
31369,10149,出演,出演
30348,10149,出演,出演
32207,10149,出演,出演
31185,10149,出演,出演
30995,10149,出演,出演
33051,10149,出演,出演
32126,10150,出演,出演
32730,10150,出演,出演
30557,10150,出演,出演
31834,10150,出演,出演
32531,10150,出演,出演
30136,10150,出演,出演
30071,10150,出演,出演
31629,10150,出演,出演
32168,10150,出演,出演
31934,10150,出演,出演
30323,10150,出演,出演
31733,10150,出演,出演
30857,10150,出演,出演
30890,10151,出演,出演
30953,10151,出演,出演
31362,10151,出演,出演
33085,10151,出演,出演
31047,10151,出演,出演
30304,10151,出演,出演
32849,10151,出演,出演
32972,10151,出演,出演
30671,10151,出演,出演
30388,10151,出演,出演
31223,10151,出演,出演
30512,10151,出演,出演
32850,10151,出演,出演
31157,10151,出演,出演
32778,10151,出演,出演
30860,10151,出演,出演
31911,10151,出演,出演
31211,10151,出演,出演
33301,10152,出演,出演
30022,10152,出演,出演
30150,10152,出演,出演
31855,10152,出演,出演
30553,10152,出演,出演
32656,10152,出演,出演
32577,10152,出演,出演
33406,10152,出演,出演
31912,10153,出演,出演
33267,10153,出演,出演
31194,10153,出演,出演
30835,10153,出演,出演
32998,10153,出演,出演
33398,10153,出演,出演
33139,10153,出演,出演
32846,10153,出演,出演
30800,10153,出演,出演
31098,10153,出演,出演
33255,10153,出演,出演
32354,10153,出演,出演
31449,10153,出演,出演
30341,10153,出演,出演
30717,10153,出演,出演
32946,10153,出演,出演
31404,10153,出演,出演
32233,10154,出演,出演
32291,10154,出演,出演
32745,10154,出演,出演
32375,10154,出演,出演
32962,10154,出演,出演
30358,10154,出演,出演
31898,10155,出演,出演
33330,10155,出演,出演
30763,10155,出演,出演
33386,10155,出演,出演
31305,10155,出演,出演
31466,10155,出演,出演
33527,10155,出演,出演
30654,10155,出演,出演
31407,10155,出演,出演
31720,10155,出演,出演
31683,10155,出演,出演
31539,10155,出演,出演
32417,10155,出演,出演
30373,10155,出演,出演
31713,10155,出演,出演
30581,10156,出演,出演
32127,10156,出演,出演
31864,10156,出演,出演
31981,10156,出演,出演
33007,10157,出演,出演
32782,10157,出演,出演
30342,10157,出演,出演
32399,10157,出演,出演
31874,10157,出演,出演
30792,10158,出演,出演
30017,10158,出演,出演
31096,10158,出演,出演
33236,10158,出演,出演
31971,10158,出演,出演
32134,10158,出演,出演
31099,10158,出演,出演
32270,10158,出演,出演
32367,10158,出演,出演
31058,10158,出演,出演
32137,10158,出演,出演
30552,10158,出演,出演
33161,10158,出演,出演
32718,10159,出演,出演
32821,10159,出演,出演
32491,10159,出演,出演
31450,10159,出演,出演
33532,10159,出演,出演
33234,10159,出演,出演
32869,10159,出演,出演
30446,10159,出演,出演
31499,10160,出演,出演
31721,10160,出演,出演
31320,10160,出演,出演
30997,10160,出演,出演
30299,10160,出演,出演
30914,10160,出演,出演
30044,10160,出演,出演
33413,10160,出演,出演
30460,10160,出演,出演
32602,10160,出演,出演
32580,10160,出演,出演
31861,10160,出演,出演
31495,10160,出演,出演
32388,10160,出演,出演
31812,10161,出演,出演
33300,10161,出演,出演
32746,10161,出演,出演
30818,10161,出演,出演
32949,10161,出演,出演
30596,10161,出演,出演
33257,10161,出演,出演
33362,10161,出演,出演
30454,10161,出演,出演
33241,10161,出演,出演
31119,10161,出演,出演
33201,10161,出演,出演
32626,10161,出演,出演
30199,10161,出演,出演
31538,10161,出演,出演
32220,10161,出演,出演
30903,10161,出演,出演
31689,10161,出演,出演
30051,10162,出演,出演
31707,10162,出演,出演
33499,10162,出演,出演
33389,10162,出演,出演
30268,10162,出演,出演
33287,10162,出演,出演
31273,10162,出演,出演
30530,10162,出演,出演
33352,10162,出演,出演
31607,10162,出演,出演
33100,10162,出演,出演
30008,10162,出演,出演
30394,10162,出演,出演
31517,10163,出演,出演
32949,10163,出演,出演
32900,10163,出演,出演
31007,10163,出演,出演
32808,10163,出演,出演
30288,10163,出演,出演
31520,10163,出演,出演
31384,10163,出演,出演
32218,10163,出演,出演
31952,10163,出演,出演
32182,10163,出演,出演
31972,10163,出演,出演
31173,10163,出演,出演
31850,10163,出演,出演
32398,10163,出演,出演
30050,10163,出演,出演
31698,10163,出演,出演
30645,10163,出演,出演
30425,10163,出演,出演
30435,10163,出演,出演
30011,10163,出演,出演
31487,10163,出演,出演
31662,10163,出演,出演
30586,10163,出演,出演
31546,10163,出演,出演
33214,10163,出演,出演
32658,10163,出演,出演
32906,10163,出演,出演
32859,10164,出演,出演
33479,10164,出演,出演
30275,10164,出演,出演
33447,10164,出演,出演
33441,10164,出演,出演
31583,10164,出演,出演
32261,10164,出演,出演
31873,10164,出演,出演
30463,10164,出演,出演
32923,10164,出演,出演
33305,10165,出演,出演
31137,10165,出演,出演
33032,10165,出演,出演
31100,10165,出演,出演
32779,10165,出演,出演
31745,10165,出演,出演
30964,10165,出演,出演
33442,10165,出演,出演
32231,10165,出演,出演
30084,10165,出演,出演
31468,10165,出演,出演
30474,10165,出演,出演
31488,10165,出演,出演
33460,10165,出演,出演
33081,10165,出演,出演
32361,10165,出演,出演
30217,10166,出演,出演
31754,10166,出演,出演
31182,10166,出演,出演
30720,10166,出演,出演
32909,10166,出演,出演
30916,10166,出演,出演
32456,10166,出演,出演
30725,10166,出演,出演
30848,10166,出演,出演
32554,10166,出演,出演
30574,10166,出演,出演
32187,10166,出演,出演
31927,10166,出演,出演
31409,10166,出演,出演
30679,10166,出演,出演
32568,10166,出演,出演
31176,10166,出演,出演
33256,10166,出演,出演
33331,10167,出演,出演
30821,10167,出演,出演
31230,10167,出演,出演
31040,10167,出演,出演
31364,10167,出演,出演
32307,10167,出演,出演
30935,10167,出演,出演
31956,10167,出演,出演
31643,10167,出演,出演
31872,10167,出演,出演
32748,10167,出演,出演
33283,10167,出演,出演
31552,10167,出演,出演
33507,10167,出演,出演
31677,10167,出演,出演
32715,10167,出演,出演
31820,10167,出演,出演
33333,10167,出演,出演
32108,10167,出演,出演
31155,10167,出演,出演
30751,10167,出演,出演
32389,10167,出演,出演
32136,10167,出演,出演
31227,10167,出演,出演
32652,10167,出演,出演
33350,10167,出演,出演
32953,10167,出演,出演
32618,10167,出演,出演
32386,10167,出演,出演
30762,10168,出演,出演
32059,10168,出演,出演
33357,10168,出演,出演
30045,10168,出演,出演
31310,10168,出演,出演
31381,10168,出演,出演
32935,10168,出演,出演
33017,10168,出演,出演
33492,10168,出演,出演
30177,10168,出演,出演
30400,10168,出演,出演
32951,10168,出演,出演
32418,10168,出演,出演
33299,10168,出演,出演
33122,10168,出演,出演
30258,10168,出演,出演
32682,10168,出演,出演
31815,10168,出演,出演
32163,10168,出演,出演
31823,10168,出演,出演
32679,10168,出演,出演
30230,10168,出演,出演
30328,10168,出演,出演
31318,10168,出演,出演
32870,10168,出演,出演
31349,10169,出演,出演
31057,10169,出演,出演
32365,10169,出演,出演
32991,10169,出演,出演
32974,10169,出演,出演
30029,10169,出演,出演
30320,10169,出演,出演
32442,10169,出演,出演
32932,10169,出演,出演
32392,10170,出演,出演
31641,10170,出演,出演
31150,10170,出演,出演
31705,10170,出演,出演
32629,10170,出演,出演
33217,10170,出演,出演
32782,10170,出演,出演
32541,10171,出演,出演
32760,10171,出演,出演
31267,10171,出演,出演
32158,10171,出演,出演
31071,10171,出演,出演
31381,10171,出演,出演
32708,10171,出演,出演
33385,10171,出演,出演
33397,10171,出演,出演
30101,10171,出演,出演
33374,10171,出演,出演
31656,10171,出演,出演
31749,10171,出演,出演
30988,10171,出演,出演
32552,10171,出演,出演
33466,10171,出演,出演
30294,10171,出演,出演
32563,10171,出演,出演
30092,10171,出演,出演
30859,10171,出演,出演
31542,10171,出演,出演
32822,10171,出演,出演
32374,10171,出演,出演
32501,10171,出演,出演
31213,10171,出演,出演
33003,10171,出演,出演
31456,10171,出演,出演
31652,10171,出演,出演
31602,10171,出演,出演
30705,10171,出演,出演
31123,10171,出演,出演
32177,10171,出演,出演
30811,10171,出演,出演
31163,10171,出演,出演
32893,10171,出演,出演
30991,10171,出演,出演
30184,10171,出演,出演
31418,10172,出演,出演
33457,10172,出演,出演
31849,10172,出演,出演
31779,10172,出演,出演
31990,10173,出演,出演
30076,10173,出演,出演
30799,10173,出演,出演
31082,10173,出演,出演
32711,10173,出演,出演
30371,10173,出演,出演
32364,10173,出演,出演
30828,10173,出演,出演
33319,10173,出演,出演
33377,10173,出演,出演
31798,10173,出演,出演
33325,10173,出演,出演
31260,10173,出演,出演
31204,10173,出演,出演
30503,10173,出演,出演
31125,10173,出演,出演
31103,10173,出演,出演
32572,10173,出演,出演
33185,10173,出演,出演
31189,10173,出演,出演
32463,10173,出演,出演
32780,10173,出演,出演
31247,10173,出演,出演
32710,10173,出演,出演
32371,10173,出演,出演
30735,10173,出演,出演
32706,10173,出演,出演
32268,10173,出演,出演
32380,10173,出演,出演
32115,10173,出演,出演
31385,10173,出演,出演
32029,10173,出演,出演
33278,10173,出演,出演
32474,10173,出演,出演
31045,10173,出演,出演
32521,10173,出演,出演
30317,10173,出演,出演
33229,10173,出演,出演
31835,10173,出演,出演
32144,10173,出演,出演
30968,10173,出演,出演
30736,10173,出演,出演
32006,10173,出演,出演
32676,10173,出演,出演
31089,10173,出演,出演
30579,10173,出演,出演
33537,10173,出演,出演
32600,10173,出演,出演
33500,10173,出演,出演
33279,10173,出演,出演
30744,10173,出演,出演
31964,10173,出演,出演
32156,10173,出演,出演
30440,10174,出演,出演
31025,10174,出演,出演
31224,10174,出演,出演
30533,10174,出演,出演
30478,10174,出演,出演
30119,10174,出演,出演
32301,10174,出演,出演
30246,10174,出演,出演
31905,10174,出演,出演
31551,10174,出演,出演
32387,10174,出演,出演
31212,10174,出演,出演
33426,10174,出演,出演
31136,10174,出演,出演
31354,10174,出演,出演
30939,10174,出演,出演
33292,10174,出演,出演
31101,10174,出演,出演
32402,10174,出演,出演
32993,10174,出演,出演
32372,10174,出演,出演
30037,10174,出演,出演
31782,10174,出演,出演
30024,10175,出演,出演
31888,10175,出演,出演
32634,10175,出演,出演
32885,10175,出演,出演
30532,10175,出演,出演
30318,10175,出演,出演
30856,10175,出演,出演
32591,10175,出演,出演
32273,10175,出演,出演
32236,10175,出演,出演
30485,10175,出演,出演
31644,10175,出演,出演
30546,10175,出演,出演
32813,10175,出演,出演
30875,10175,出演,出演
30356,10175,出演,出演
32597,10175,出演,出演
33446,10175,出演,出演
31221,10175,出演,出演
30591,10175,出演,出演
33138,10175,出演,出演
31319,10175,出演,出演
32490,10175,出演,出演
32047,10176,出演,出演
31558,10176,出演,出演
32690,10176,出演,出演
32983,10176,出演,出演
33363,10176,出演,出演
33179,10176,出演,出演
32907,10176,出演,出演
31372,10176,出演,出演
32647,10176,出演,出演
32432,10176,出演,出演
31594,10176,出演,出演
30422,10176,出演,出演
30534,10176,出演,出演
32151,10176,出演,出演
33077,10176,出演,出演
30952,10176,出演,出演
30200,10176,出演,出演
32534,10176,出演,出演
32073,10176,出演,出演
32884,10176,出演,出演
31254,10176,出演,出演
31708,10176,出演,出演
32095,10176,出演,出演
32881,10176,出演,出演
31076,10176,出演,出演
30211,10176,出演,出演
30171,10176,出演,出演
32774,10177,出演,出演
30611,10177,出演,出演
31329,10177,出演,出演
31699,10177,出演,出演
31000,10177,出演,出演
31827,10177,出演,出演
30631,10177,出演,出演
31154,10177,出演,出演
30090,10177,出演,出演
31079,10177,出演,出演
32875,10177,出演,出演
32255,10177,出演,出演
33001,10177,出演,出演
33075,10177,出演,出演
30838,10177,出演,出演
32314,10177,出演,出演
31545,10177,出演,出演
30068,10177,出演,出演
32777,10177,出演,出演
30130,10177,出演,出演
30027,10177,出演,出演
30381,10177,出演,出演
31928,10177,出演,出演
31570,10177,出演,出演
31676,10177,出演,出演
30829,10177,出演,出演
32905,10177,出演,出演
32581,10177,出演,出演
31324,10177,出演,出演
32842,10177,出演,出演
32422,10177,出演,出演
32424,10178,出演,出演
33034,10178,出演,出演
30384,10178,出演,出演
30743,10178,出演,出演
31709,10178,出演,出演
32825,10178,出演,出演
30274,10178,出演,出演
31960,10178,出演,出演
31026,10178,出演,出演
32257,10178,出演,出演
32185,10178,出演,出演
32402,10178,出演,出演
32368,10178,出演,出演
33071,10178,出演,出演
33417,10178,出演,出演
32146,10179,出演,出演
30153,10179,出演,出演
33160,10179,出演,出演
32931,10179,出演,出演
30807,10179,出演,出演
32802,10179,出演,出演
30170,10179,出演,出演
31966,10179,出演,出演
33221,10179,出演,出演
32878,10179,出演,出演
33421,10179,出演,出演
31576,10180,出演,出演
33511,10180,出演,出演
30554,10180,出演,出演
32430,10180,出演,出演
32511,10180,出演,出演
30263,10180,出演,出演
30692,10180,出演,出演
31111,10180,出演,出演
30999,10180,出演,出演
33461,10180,出演,出演
30030,10180,出演,出演
32792,10180,出演,出演
32828,10180,出演,出演
31727,10180,出演,出演
31178,10180,出演,出演
32201,10180,出演,出演
32611,10181,出演,出演
30568,10181,出演,出演
33456,10181,出演,出演
32756,10181,出演,出演
30158,10181,出演,出演
31378,10181,出演,出演
31179,10181,出演,出演
30951,10181,出演,出演
32495,10181,出演,出演
30154,10181,出演,出演
32128,10181,出演,出演
30063,10181,出演,出演
32279,10182,出演,出演
31614,10182,出演,出演
32948,10182,出演,出演
30327,10182,出演,出演
31180,10182,出演,出演
32598,10182,出演,出演
30463,10182,出演,出演
30817,10182,出演,出演
32978,10182,出演,出演
33322,10182,出演,出演
31330,10182,出演,出演
30777,10182,出演,出演
30693,10182,出演,出演
30507,10182,出演,出演
30091,10182,出演,出演
33493,10183,出演,出演
33383,10183,出演,出演
32790,10183,出演,出演
32109,10183,出演,出演
30186,10183,出演,出演
32975,10183,出演,出演
31408,10183,出演,出演
32196,10183,出演,出演
33143,10183,出演,出演
33021,10183,出演,出演
33302,10183,出演,出演
32855,10183,出演,出演
33414,10183,出演,出演
32872,10183,出演,出演
31606,10183,出演,出演
30479,10183,出演,出演
31795,10183,出演,出演
33354,10183,出演,出演
31766,10183,出演,出演
31804,10183,出演,出演
33088,10183,出演,出演
31530,10183,出演,出演
30298,10183,出演,出演
30866,10183,出演,出演
30219,10183,出演,出演
31001,10183,出演,出演
31896,10183,出演,出演
31954,10183,出演,出演
32309,10183,出演,出演
32347,10183,出演,出演
31160,10183,出演,出演
31075,10183,出演,出演
32890,10183,出演,出演
32608,10183,出演,出演
32646,10183,出演,出演
33504,10183,出演,出演
31574,10183,出演,出演
32574,10183,出演,出演
33356,10183,出演,出演
30374,10183,出演,出演
30335,10183,出演,出演
33065,10183,出演,出演
32169,10183,出演,出演
32007,10183,出演,出演
30659,10183,出演,出演
31455,10183,出演,出演
31170,10183,出演,出演
32271,10183,出演,出演
31133,10183,出演,出演
30208,10183,出演,出演
32707,10183,出演,出演
30363,10183,出演,出演
30740,10183,出演,出演
32446,10183,出演,出演
32485,10183,出演,出演
32757,10183,出演,出演
30289,10183,出演,出演
30176,10183,出演,出演
32011,10183,出演,出演
33207,10184,出演,出演
31776,10184,出演,出演
32203,10184,出演,出演
30217,10184,出演,出演
32838,10184,出演,出演
31694,10184,出演,出演
30636,10184,出演,出演
33433,10184,出演,出演
30060,10184,出演,出演
32841,10184,出演,出演
31175,10184,出演,出演
33099,10184,出演,出演
33439,10184,出演,出演
31914,10184,出演,出演
31438,10184,出演,出演
32037,10184,出演,出演
33119,10184,出演,出演
32264,10184,出演,出演
32690,10184,出演,出演
32806,10184,出演,出演
30188,10184,出演,出演
32159,10184,出演,出演
30006,10184,出演,出演
30396,10184,出演,出演
31494,10184,出演,出演
30142,10184,出演,出演
30612,10185,出演,出演
31747,10185,出演,出演
33061,10185,出演,出演
32677,10185,出演,出演
30165,10185,出演,出演
31519,10185,出演,出演
32720,10185,出演,出演
31406,10185,出演,出演
32343,10185,出演,出演
32190,10185,出演,出演
30172,10185,出演,出演
32891,10185,出演,出演
32359,10185,出演,出演
31014,10185,出演,出演
31654,10185,出演,出演
30765,10185,出演,出演
31424,10185,出演,出演
32526,10185,出演,出演
32098,10185,出演,出演
31916,10185,出演,出演
30193,10185,出演,出演
33144,10185,出演,出演
32737,10185,出演,出演
31158,10185,出演,出演
30625,10186,出演,出演
30687,10186,出演,出演
31711,10186,出演,出演
30647,10186,出演,出演
30894,10186,出演,出演
33509,10186,出演,出演
30722,10186,出演,出演
30567,10187,出演,出演
30844,10187,出演,出演
32811,10187,出演,出演
30461,10187,出演,出演
33482,10187,出演,出演
33285,10187,出演,出演
32000,10187,出演,出演
31482,10188,出演,出演
33195,10188,出演,出演
32008,10188,出演,出演
32439,10188,出演,出演
30201,10188,出演,出演
33258,10189,出演,出演
33448,10189,出演,出演
31775,10189,出演,出演
33336,10189,出演,出演
32583,10189,出演,出演
31807,10189,出演,出演
31361,10190,出演,出演
33032,10190,出演,出演
31620,10190,出演,出演
31052,10190,出演,出演
33465,10190,出演,出演
30737,10190,出演,出演
31921,10190,出演,出演
32930,10190,出演,出演
33264,10190,出演,出演
30397,10190,出演,出演
31811,10190,出演,出演
32325,10190,出演,出演
30009,10190,出演,出演
30499,10191,出演,出演
30833,10191,出演,出演
32730,10191,出演,出演
32217,10191,出演,出演
32284,10191,出演,出演
32102,10191,出演,出演
32999,10191,出演,出演
32282,10191,出演,出演
31090,10191,出演,出演
30577,10191,出演,出演
30555,10191,出演,出演
30426,10191,出演,出演
32080,10191,出演,出演
30102,10191,出演,出演
31470,10191,出演,出演
31321,10191,出演,出演
32489,10191,出演,出演
32524,10191,出演,出演
31050,10191,出演,出演
31332,10191,出演,出演
32984,10191,出演,出演
33321,10191,出演,出演
31277,10191,出演,出演
30399,10191,出演,出演
32942,10191,出演,出演
30609,10191,出演,出演
31889,10191,出演,出演
32770,10191,出演,出演
32377,10191,出演,出演
33468,10191,出演,出演
32548,10191,出演,出演
30418,10191,出演,出演
32970,10191,出演,出演
32566,10191,出演,出演
30022,10192,出演,出演
32821,10192,出演,出演
32326,10192,出演,出演
31838,10192,出演,出演
32412,10192,出演,出演
32491,10192,出演,出演
32718,10192,出演,出演
30840,10193,出演,出演
33261,10193,出演,出演
31022,10193,出演,出演
30581,10193,出演,出演
32407,10193,出演,出演
31036,10193,出演,出演
32514,10193,出演,出演
30146,10193,出演,出演
32794,10193,出演,出演
32877,10193,出演,出演
30412,10193,出演,出演
30513,10193,出演,出演
30907,10193,出演,出演
31559,10193,出演,出演
33223,10193,出演,出演
30684,10193,出演,出演
31947,10194,出演,出演
31775,10194,出演,出演
33154,10194,出演,出演
31901,10194,出演,出演
33046,10194,出演,出演
31807,10194,出演,出演
31535,10194,出演,出演
32498,10194,出演,出演
33047,10194,出演,出演
32583,10194,出演,出演
33157,10194,出演,出演
30766,10194,出演,出演
32621,10194,出演,出演
31910,10194,出演,出演
30433,10194,出演,出演
31302,10194,出演,出演
32604,10194,出演,出演
30917,10194,出演,出演
33248,10194,出演,出演
33336,10194,出演,出演
32836,10194,出演,出演
31166,10194,出演,出演
30569,10194,出演,出演
31280,10194,出演,出演
31856,10194,出演,出演
32266,10194,出演,出演
30266,10195,出演,出演
32622,10195,出演,出演
32472,10195,出演,出演
31288,10195,出演,出演
33037,10195,出演,出演
31421,10195,出演,出演
32594,10195,出演,出演
33089,10195,出演,出演
30424,10195,出演,出演
30727,10195,出演,出演
30282,10195,出演,出演
33541,10195,出演,出演
31784,10195,出演,出演
30113,10195,出演,出演
31881,10195,出演,出演
31118,10196,出演,出演
30880,10196,出演,出演
31726,10196,出演,出演
30407,10196,出演,出演
30963,10196,出演,出演
32183,10196,出演,出演
32330,10196,出演,出演
30403,10196,出演,出演
33126,10196,出演,出演
31053,10196,出演,出演
33030,10197,出演,出演
32612,10197,出演,出演
32547,10197,出演,出演
32487,10197,出演,出演
30878,10197,出演,出演
32160,10197,出演,出演
30841,10198,出演,出演
31753,10198,出演,出演
32582,10198,出演,出演
32663,10198,出演,出演
30040,10198,出演,出演
30463,10198,出演,出演
32609,10198,出演,出演
31226,10198,出演,出演
32443,10198,出演,出演
30349,10198,出演,出演
32457,10198,出演,出演
30438,10198,出演,出演
32004,10198,出演,出演
30443,10198,出演,出演
32257,10198,出演,出演
31462,10199,出演,出演
32992,10199,出演,出演
31446,10199,出演,出演
32132,10199,出演,出演
30490,10199,出演,出演
31840,10199,出演,出演
30575,10199,出演,出演
31081,10199,出演,出演
30847,10199,出演,出演
30704,10199,出演,出演
33345,10199,出演,出演
33038,10199,出演,出演
32666,10199,出演,出演
33425,10199,出演,出演
32499,10199,出演,出演
30841,10200,出演,出演
31753,10200,出演,出演
33519,10200,出演,出演
30409,10200,出演,出演
32663,10200,出演,出演
32582,10200,出演,出演
30587,10200,出演,出演
32609,10200,出演,出演
33287,10200,出演,出演
30425,10200,出演,出演
31337,10200,出演,出演
32112,10201,出演,出演
33480,10201,出演,出演
31096,10201,出演,出演
31187,10201,出演,出演
30983,10201,出演,出演
31060,10201,出演,出演
31603,10201,出演,出演
31439,10201,出演,出演
32496,10202,出演,出演
32861,10202,出演,出演
31094,10202,出演,出演
30718,10202,出演,出演
31294,10202,出演,出演
31980,10202,出演,出演
30706,10202,出演,出演
32599,10202,出演,出演
31191,10202,出演,出演
31825,10202,出演,出演
32831,10202,出演,出演
31164,10202,出演,出演
32494,10202,出演,出演
32017,10202,出演,出演
31503,10202,出演,出演
31056,10202,出演,出演
31217,10202,出演,出演
30804,10203,出演,出演
32427,10203,出演,出演
30207,10203,出演,出演
31124,10203,出演,出演
32651,10203,出演,出演
33516,10204,出演,出演
32901,10204,出演,出演
32840,10204,出演,出演
31665,10204,出演,出演
30480,10204,出演,出演
31621,10204,出演,出演
32289,10204,出演,出演
30203,10204,出演,出演
32821,10205,出演,出演
31649,10205,出演,出演
33172,10205,出演,出演
31773,10205,出演,出演
30698,10205,出演,出演
32482,10205,出演,出演
30558,10205,出演,出演
32556,10206,出演,出演
31780,10206,出演,出演
31879,10206,出演,出演
33419,10206,出演,出演
30994,10206,出演,出演
30498,10206,出演,出演
33129,10206,出演,出演
32051,10206,出演,出演
30583,10207,出演,出演
33529,10207,出演,出演
31049,10207,出演,出演
32640,10207,出演,出演
32773,10207,出演,出演
33528,10207,出演,出演
32638,10207,出演,出演
32198,10207,出演,出演
33293,10207,出演,出演
30985,10207,出演,出演
32178,10207,出演,出演
32253,10207,出演,出演
33167,10207,出演,出演
30041,10207,出演,出演
30197,10207,出演,出演
32312,10207,出演,出演
31104,10207,出演,出演
30254,10207,出演,出演
33118,10207,出演,出演
30185,10207,出演,出演
31883,10207,出演,出演
32892,10207,出演,出演
31829,10207,出演,出演
31970,10207,出演,出演
32742,10207,出演,出演
33337,10207,出演,出演
30209,10207,出演,出演
31728,10207,出演,出演
31061,10207,出演,出演
31396,10207,出演,出演
30292,10207,出演,出演
33146,10207,出演,出演
31251,10207,出演,出演
30570,10207,出演,出演
33351,10207,出演,出演
31943,10207,出演,出演
30865,10207,出演,出演
32025,10208,出演,出演
33133,10208,出演,出演
32457,10208,出演,出演
32133,10208,出演,出演
33082,10208,出演,出演
31917,10208,出演,出演
30229,10208,出演,出演
30633,10208,出演,出演
30817,10208,出演,出演
31452,10209,出演,出演
30417,10209,出演,出演
30180,10209,出演,出演
31034,10209,出演,出演
33371,10209,出演,出演
33423,10209,出演,出演
32606,10209,出演,出演
31862,10209,出演,出演
31694,10209,出演,出演
30009,10209,出演,出演
31397,10209,出演,出演
31278,10210,出演,出演
33450,10210,出演,出演
31429,10210,出演,出演
32752,10210,出演,出演
30515,10210,出演,出演
30015,10210,出演,出演
32744,10210,出演,出演
31996,10210,出演,出演
30690,10210,出演,出演
30121,10210,出演,出演
30830,10210,出演,出演
32821,10211,出演,出演
32293,10211,出演,出演
32221,10211,出演,出演
30429,10211,出演,出演
33361,10211,出演,出演
30558,10211,出演,出演
32334,10211,出演,出演
32536,10211,出演,出演
32798,10211,出演,出演
31739,10211,出演,出演
32897,10211,出演,出演
33347,10211,出演,出演
33416,10211,出演,出演
32013,10211,出演,出演
32211,10212,出演,出演
30873,10212,出演,出演
33243,10212,出演,出演
30626,10212,出演,出演
30222,10212,出演,出演
30114,10212,出演,出演
30699,10212,出演,出演
31871,10212,出演,出演
30884,10212,出演,出演
32668,10212,出演,出演
31995,10212,出演,出演
31955,10212,出演,出演
31031,10213,出演,出演
32868,10213,出演,出演
31918,10213,出演,出演
32713,10213,出演,出演
31646,10213,出演,出演
30033,10213,出演,出演
32477,10213,出演,出演
32053,10213,出演,出演
33316,10213,出演,出演
31110,10213,出演,出演
30796,10213,出演,出演
30204,10213,出演,出演
31715,10213,出演,出演
32140,10213,出演,出演
30279,10213,出演,出演
30983,10214,出演,出演
31857,10214,出演,出演
31240,10214,出演,出演
32484,10214,出演,出演
32331,10214,出演,出演
32997,10214,出演,出演
31376,10214,出演,出演
31642,10214,出演,出演
31929,10214,出演,出演
33226,10214,出演,出演
31647,10214,出演,出演
30759,10214,出演,出演
32889,10214,出演,出演
30611,10215,出演,出演
32423,10215,出演,出演
31287,10215,出演,出演
31360,10215,出演,出演
31842,10215,出演,出演
32234,10215,出演,出演
30861,10215,出演,出演
30444,10215,出演,出演
31561,10215,出演,出演
32244,10215,出演,出演
30080,10215,出演,出演
31387,10215,出演,出演
31316,10215,出演,出演
30929,10215,出演,出演
31630,10215,出演,出演
33186,10215,出演,出演
32672,10215,出演,出演
31824,10215,出演,出演
32860,10215,出演,出演
30879,10215,出演,出演
30657,10215,出演,出演
30710,10215,出演,出演
32038,10215,出演,出演
32724,10215,出演,出演
31948,10215,出演,出演
31281,10215,出演,出演
30401,10215,出演,出演
30674,10215,出演,出演
30845,10215,出演,出演
30307,10216,出演,出演
30795,10216,出演,出演
33320,10216,出演,出演
31317,10216,出演,出演
31066,10216,出演,出演
33134,10216,出演,出演
30761,10216,出演,出演
30368,10216,出演,出演
32771,10216,出演,出演
31506,10216,出演,出演
32925,10216,出演,出演
33387,10216,出演,出演
32798,10216,出演,出演
32749,10216,出演,出演
30061,10216,出演,出演
33072,10216,出演,出演
30565,10216,出演,出演
30487,10216,出演,出演
32781,10216,出演,出演
30525,10216,出演,出演
32172,10216,出演,出演
30584,10216,出演,出演
30024,10217,出演,出演
30161,10217,出演,出演
33499,10217,出演,出演
31743,10217,出演,出演
30223,10217,出演,出演
30810,10217,出演,出演
33087,10217,出演,出演
31023,10217,出演,出演
32864,10217,出演,出演
31831,10217,出演,出演
33155,10217,出演,出演
31460,10217,出演,出演
30116,10217,出演,出演
32308,10217,出演,出演
32123,10217,出演,出演
30069,10217,出演,出演
30993,10218,出演,出演
31499,10218,出演,出演
30402,10218,出演,出演
31002,10218,出演,出演
31447,10218,出演,出演
31120,10218,出演,出演
30385,10218,出演,出演
32854,10218,出演,出演
31115,10218,出演,出演
32435,10218,出演,出演
31122,10219,出演,出演
32248,10219,出演,出演
30572,10219,出演,出演
31522,10219,出演,出演
31716,10219,出演,出演
30370,10219,出演,出演
33237,10220,出演,出演
31096,10220,出演,出演
31116,10220,出演,出演
33513,10220,出演,出演
31993,10220,出演,出演
32421,10220,出演,出演
32097,10220,出演,出演
33494,10220,出演,出演
33175,10220,出演,出演
32363,10220,出演,出演
32258,10220,出演,出演
33262,10220,出演,出演
31249,10220,出演,出演
30730,10220,出演,出演
33424,10220,出演,出演
30220,10220,出演,出演
32317,10220,出演,出演
33137,10220,出演,出演
30520,10220,出演,出演
31595,10220,出演,出演
31490,10220,出演,出演
31935,10220,出演,出演
31529,10220,出演,出演
31614,10221,出演,出演
31818,10221,出演,出演
33098,10221,出演,出演
31405,10221,出演,出演
32927,10221,出演,出演
32985,10221,出演,出演
31899,10221,出演,出演
31718,10221,出演,出演
33399,10221,出演,出演
32969,10221,出演,出演
31886,10221,出演,出演
32950,10221,出演,出演
31524,10221,出演,出演
30501,10221,出演,出演
31307,10221,出演,出演
32449,10221,出演,出演
31069,10221,出演,出演
30910,10221,出演,出演
30634,10221,出演,出演
30056,10221,出演,出演
32753,10221,出演,出演
32826,10221,出演,出演
30183,10221,出演,出演
30957,10221,出演,出演
32241,10221,出演,出演
32366,10221,出演,出演
30738,10221,出演,出演
32357,10221,出演,出演
33327,10222,出演,出演
30095,10222,出演,出演
30111,10222,出演,出演
33086,10222,出演,出演
30295,10222,出演,出演
31326,10223,出演,出演
30793,10223,出演,出演
32135,10223,出演,出演
30300,10223,出演,出演
32988,10223,出演,出演
32768,10223,出演,出演
33094,10223,出演,出演
31924,10223,出演,出演
31707,10224,出演,出演
30157,10224,出演,出演
31116,10224,出演,出演
30739,10224,出演,出演
33101,10224,出演,出演
30324,10224,出演,出演
30648,10224,出演,出演
30664,10224,出演,出演
32233,10225,出演,出演
32409,10225,出演,出演
30665,10225,出演,出演
31981,10225,出演,出演
31174,10225,出演,出演
32193,10225,出演,出演
31944,10225,出演,出演
32060,10225,出演,出演
32746,10225,出演,出演
31908,10225,出演,出演
31258,10225,出演,出演
30145,10225,出演,出演
30410,10225,出演,出演
30058,10225,出演,出演
31159,10225,出演,出演
31634,10226,出演,出演
31203,10226,出演,出演
30457,10226,出演,出演
30469,10226,出演,出演
31560,10226,出演,出演
33196,10226,出演,出演
33246,10226,出演,出演
32170,10226,出演,出演
31334,10226,出演,出演
30322,10226,出演,出演
30122,10226,出演,出演
32423,10227,出演,出演
30358,10227,出演,出演
33479,10227,出演,出演
32619,10227,出演,出演
30151,10227,出演,出演
32401,10227,出演,出演
32791,10227,出演,出演
30905,10227,出演,出演
32816,10227,出演,出演
32895,10227,出演,出演
33290,10227,出演,出演
33176,10227,出演,出演
32833,10227,出演,出演
32775,10227,出演,出演
32117,10228,出演,出演
30484,10228,出演,出演
30715,10228,出演,出演
32579,10228,出演,出演
30688,10228,出演,出演
30943,10228,出演,出演
31253,10228,出演,出演
31480,10228,出演,出演
31358,10228,出演,出演
31660,10228,出演,出演
32404,10228,出演,出演
31760,10228,出演,出演
31913,10228,出演,出演
31070,10228,出演,出演
33027,10228,出演,出演
31149,10228,出演,出演
30532,10229,出演,出演
30462,10229,出演,出演
32445,10229,出演,出演
32072,10229,出演,出演
33218,10229,出演,出演
33063,10230,出演,出演
33317,10230,出演,出演
32488,10230,出演,出演
33232,10230,出演,出演
32776,10230,出演,出演
32835,10230,出演,出演
31289,10230,出演,出演
31255,10230,出演,出演
31355,10230,出演,出演
30205,10230,出演,出演
31266,10231,出演,出演
30518,10231,出演,出演
32243,10231,出演,出演
30959,10231,出演,出演
30024,10231,出演,出演
30958,10232,出演,出演
30162,10232,出演,出演
32613,10232,出演,出演
30382,10232,出演,出演
30701,10232,出演,出演
31730,10232,出演,出演
32500,10232,出演,出演
32229,10232,出演,出演
32396,10232,出演,出演
32040,10232,出演,出演
30514,10232,出演,出演
30864,10232,出演,出演
32527,10232,出演,出演
30012,10232,出演,出演
30944,10232,出演,出演
32199,10233,出演,出演
31347,10233,出演,出演
31685,10233,出演,出演
33403,10233,出演,出演
30001,10233,出演,出演
30486,10234,出演,出演
30612,10234,出演,出演
31044,10234,出演,出演
32352,10234,出演,出演
31747,10234,出演,出演
30359,10234,出演,出演
31304,10234,出演,出演
32910,10234,出演,出演
31893,10234,出演,出演
30958,10234,出演,出演
30491,10234,出演,出演
30464,10235,出演,出演
32112,10235,出演,出演
30463,10235,出演,出演
33514,10235,出演,出演
32537,10235,出演,出演
32853,10235,出演,出演
30580,10235,出演,出演
31340,10235,出演,出演
33486,10235,出演,出演
32150,10235,出演,出演
33535,10235,出演,出演
31799,10235,出演,出演
30314,10235,出演,出演
31724,10235,出演,出演
30891,10235,出演,出演
33011,10235,出演,出演
32086,10235,出演,出演
33530,10235,出演,出演
32673,10235,出演,出演
31092,10235,出演,出演
31440,10235,出演,出演
32018,10235,出演,出演
32362,10235,出演,出演
30617,10235,出演,出演
33202,10235,出演,出演
30155,10235,出演,出演
31165,10235,出演,出演
31483,10235,出演,出演
32944,10235,出演,出演
31252,10235,出演,出演
32818,10235,出演,出演
31484,10235,出演,出演
31427,10235,出演,出演
32809,10236,出演,出演
32112,10236,出演,出演
30768,10236,出演,出演
30206,10236,出演,出演
32409,10236,出演,出演
30465,10236,出演,出演
32414,10236,出演,出演
30627,10236,出演,出演
31262,10236,出演,出演
33317,10236,出演,出演
32250,10236,出演,出演
31605,10236,出演,出演
30831,10236,出演,出演
33339,10236,出演,出演
33111,10236,出演,出演
30342,10237,出演,出演
31305,10237,出演,出演
33505,10237,出演,出演
32091,10237,出演,出演
32697,10237,出演,出演
31286,10238,出演,出演
30470,10238,出演,出演
30330,10238,出演,出演
31994,10238,出演,出演
30784,10238,出演,出演
30285,10238,出演,出演
31059,10239,出演,出演
31700,10239,出演,出演
30445,10239,出演,出演
32126,10239,出演,出演
31201,10239,出演,出演
33489,10239,出演,出演
31853,10239,出演,出演
33531,10239,出演,出演
32348,10239,出演,出演
31402,10239,出演,出演
33359,10240,出演,出演
31618,10240,出演,出演
31208,10240,出演,出演
30352,10240,出演,出演
31540,10240,出演,出演
33123,10240,出演,出演
33093,10240,出演,出演
32630,10240,出演,出演
31112,10240,出演,出演
30072,10241,出演,出演
32119,10241,出演,出演
30711,10241,出演,出演
30500,10241,出演,出演
31401,10241,出演,出演
32361,10241,出演,出演
31511,10241,出演,出演
33056,10241,出演,出演
30244,10241,出演,出演
33110,10241,出演,出演
32759,10241,出演,出演
31093,10241,出演,出演
31231,10241,出演,出演
33454,10241,出演,出演
30675,10241,出演,出演
33379,10241,出演,出演
32019,10241,出演,出演
31680,10241,出演,出演
33313,10241,出演,出演
30956,10241,出演,出演
30135,10242,出演,出演
30540,10242,出演,出演
33289,10242,出演,出演
32237,10242,出演,出演
30444,10242,出演,出演
32208,10242,出演,出演
33384,10242,出演,出演
32292,10242,出演,出演
30707,10242,出演,出演
33150,10243,出演,出演
31925,10243,出演,出演
32262,10243,出演,出演
31638,10243,出演,出演
30453,10243,出演,出演
30734,10243,出演,出演
31010,10243,出演,出演
32912,10243,出演,出演
33230,10243,出演,出演
31599,10243,出演,出演
30306,10243,出演,出演
31219,10243,出演,出演
32394,10243,出演,出演
31500,10243,出演,出演
33192,10243,出演,出演
30983,10244,出演,出演
30483,10244,出演,出演
31709,10244,出演,出演
32661,10244,出演,出演
30182,10244,出演,出演
32178,10244,出演,出演
33035,10244,出演,出演
30115,10244,出演,出演
32764,10244,出演,出演
33125,10244,出演,出演
31848,10244,出演,出演
31637,10244,出演,出演
33485,10244,出演,出演
30251,10244,出演,出演
32538,10244,出演,出演
30573,10244,出演,出演
31837,10244,出演,出演
31392,10244,出演,出演
30209,10244,出演,出演
33298,10244,出演,出演
31454,10244,出演,出演
32588,10244,出演,出演
33107,10244,出演,出演
32693,10244,出演,出演
32338,10245,出演,出演
30826,10245,出演,出演
32021,10245,出演,出演
30784,10245,出演,出演
32340,10245,出演,出演
31946,10245,出演,出演
30250,10246,出演,出演
31425,10246,出演,出演
33440,10246,出演,出演
33210,10246,出演,出演
32625,10246,出演,出演
32030,10246,出演,出演
30909,10246,出演,出演
32251,10246,出演,出演
33220,10246,出演,出演
32285,10246,出演,出演
31388,10246,出演,出演
30797,10246,出演,出演
33520,10246,出演,出演
30896,10246,出演,出演
30537,10246,出演,出演
31988,10246,出演,出演
31339,10246,出演,出演
33436,10246,出演,出演
33272,10246,出演,出演
30456,10246,出演,出演
30783,10246,出演,出演
30214,10246,出演,出演
32263,10246,出演,出演
30039,10246,出演,出演
30065,10246,出演,出演
32739,10246,出演,出演
30476,10246,出演,出演
30245,10246,出演,出演
30131,10246,出演,出演
31624,10246,出演,出演
31146,10246,出演,出演
32433,10246,出演,出演
33238,10246,出演,出演
33308,10246,出演,出演
30517,10246,出演,出演
30882,10246,出演,出演
31536,10246,出演,出演
33487,10246,出演,出演
32817,10246,出演,出演
30219,10246,出演,出演
32096,10246,出演,出演
30749,10246,出演,出演
30174,10246,出演,出演
31062,10246,出演,出演
30760,10246,出演,出演
32681,10246,出演,出演
32347,10246,出演,出演
32976,10246,出演,出演
31859,10246,出演,出演
30346,10246,出演,出演
31038,10246,出演,出演
33055,10246,出演,出演
33168,10246,出演,出演
31808,10246,出演,出演
32965,10246,出演,出演
32259,10246,出演,出演
33050,10246,出演,出演
33431,10246,出演,出演
31293,10246,出演,出演
33115,10246,出演,出演
30960,10246,出演,出演
31507,10246,出演,出演
30475,10246,出演,出演
32225,10246,出演,出演
30049,10246,出演,出演
32204,10246,出演,出演
33265,10246,出演,出演
32294,10246,出演,出演
31748,10246,出演,出演
33091,10246,出演,出演
32161,10246,出演,出演
31474,10246,出演,出演
31626,10246,出演,出演
33194,10246,出演,出演
31722,10246,出演,出演
30387,10246,出演,出演
32642,10246,出演,出演
33400,10246,出演,出演
31008,10246,出演,出演
31959,10246,出演,出演
31958,10246,出演,出演
32356,10246,出演,出演
30827,10246,出演,出演
33067,10246,出演,出演
30213,10246,出演,出演
32061,10246,出演,出演
33164,10247,出演,出演
30920,10247,出演,出演
30104,10247,出演,出演
33346,10247,出演,出演
32614,10247,出演,出演
32812,10247,出演,出演
31229,10247,出演,出演
30691,10247,出演,出演
31151,10247,出演,出演
30528,10247,出演,出演
31046,10247,出演,出演
30105,10247,出演,出演
30357,10248,出演,出演
30608,10248,出演,出演
32698,10248,出演,出演
31735,10248,出演,出演
30940,10248,出演,出演
30453,10249,出演,出演
30419,10249,出演,出演
33242,10249,出演,出演
31433,10249,出演,出演
32152,10249,出演,出演
33463,10249,出演,出演
30788,10249,出演,出演
33519,10249,出演,出演
31441,10249,出演,出演
30384,10249,出演,出演
30974,10249,出演,出演
32239,10249,出演,出演
32674,10249,出演,出演
31476,10249,出演,出演
30846,10249,出演,出演
33166,10249,出演,出演
31195,10249,出演,出演
30302,10249,出演,出演
30160,10249,出演,出演
30277,10249,出演,出演
